"player","player_id","team_abbrev","year","type","avg_hr_trot","doubters","mostly_gone","no_doubters","no_doubter_per","hr_total","xhr","xhr_diff"
"Raleigh, Cal","663728","SEA","2025","adj_xhr","24.03",12,21,16,"41","39",31.4,"7.6"
"Ohtani, Shohei","660271","LAD","2025","adj_xhr","23.07",11,16,19,"51.4","37",31.5,"5.5"
"Judge, Aaron","592450","NYY","2025","adj_xhr","23",9,24,19,"51.4","37",35.8,"1.2"
"Schwarber, Kyle","656941","PHI","2025","adj_xhr","25.7",3,22,17,"47.2","36",32.2,"3.8"
"Suárez, Eugenio","553993","AZ","2025","adj_xhr","26.06",9,17,20,"55.6","36",33.8,"2.2"
"Crow-Armstrong, Pete","691718","CHC","2025","adj_xhr","23.84",13,18,10,"37","27",25.1,"1.9"
"Suzuki, Seiya","673548","CHC","2025","adj_xhr","21.92",8,15,11,"42.3","26",23.3,"2.7"
"Caminero, Junior","691406","TB","2025","adj_xhr","27.34",7,15,11,"42.3","26",21.4,"4.6"
"Greene, Riley","682985","DET","2025","adj_xhr","22.83",7,14,12,"48","25",21.4,"3.6"
"Wood, James","695578","WSH","2025","adj_xhr","26.2",4,14,13,"54.2","24",22.7,"1.3"
"Soto, Juan","665742","NYM","2025","adj_xhr","28.5",4,22,9,"37.5","24",23.5,"0.5"
"Kurtz, Nick","701762","ATH","2025","adj_xhr","23.92",5,15,9,"39.1","23",19.9,"3.1"
"Torkelson, Spencer","679529","DET","2025","adj_xhr","23.19",9,19,11,"47.8","23",22.7,"0.3"
"Buxton, Byron","621439","MIN","2025","adj_xhr","22.83",7,7,18,"78.3","23",23.1,"-0.1"
"Stowers, Kyle","669065","MIA","2025","adj_xhr","23.92",9,22,6,"26.1","23",22.6,"0.4"
"Ward, Taylor","621493","LAA","2025","adj_xhr","25.72",8,14,8,"34.8","23",17.7,"5.3"
"Alonso, Pete","624413","NYM","2025","adj_xhr","24.74",8,21,11,"50","22",24.7,"-2.7"
"Ramírez, José","608070","CLE","2025","adj_xhr","24.23",4,17,8,"38.1","21",21.1,"-0.1"
"Adell, Jo","666176","LAA","2025","adj_xhr","22.35",8,12,12,"57.1","21",20.1,"0.9"
"Carroll, Corbin","682998","AZ","2025","adj_xhr","23.13",9,19,9,"42.9","21",22.5,"-1.5"
"Rooker, Brent","667670","ATH","2025","adj_xhr","23.68",7,11,8,"38.1","21",15.6,"5.4"
"Abreu, Wilyer","677800","BOS","2025","adj_xhr","24.07",4,10,13,"65","20",21.2,"-1.2"
"Busch, Michael","683737","CHC","2025","adj_xhr","22.07",15,9,9,"45","20",15.8,"4.2"
"Lindor, Francisco","596019","NYM","2025","adj_xhr","25.13",6,14,8,"40","20",19.4,"0.6"
"Marte, Ketel","606466","AZ","2025","adj_xhr","25.04",3,14,10,"50","20",18.6,"1.4"
"Devers, Rafael","646240","SF","2025","adj_xhr","24.71",9,16,9,"47.4","19",20.1,"-1.1"
"Yelich, Christian","592885","MIL","2025","adj_xhr","23.03",3,14,7,"36.8","19",17.6,"1.4"
"Bellinger, Cody","641355","NYY","2025","adj_xhr","24.58",7,15,6,"31.6","19",17.8,"1.2"
"Machado, Manny","592518","SD","2025","adj_xhr","28.6",13,15,9,"47.4","19",20.3,"-1.3"
"Nimmo, Brandon","607043","NYM","2025","adj_xhr","20.91",5,18,4,"21.1","19",16.3,"2.7"
"Paredes, Isaac","670623","HOU","2025","adj_xhr","26.33",10,6,8,"42.1","19",12.5,"6.5"
"Pages, Andy","681624","LAD","2025","adj_xhr","21.03",3,11,7,"36.8","19",15,"4.0"
"Lowe, Brandon","664040","TB","2025","adj_xhr","24.47",4,15,5,"26.3","19",17.2,"1.8"
"Arozarena, Randy","668227","SEA","2025","adj_xhr","29.01",4,13,11,"57.9","19",19.8,"-0.8"
"Soderstrom, Tyler","691016","ATH","2025","adj_xhr","23.92",4,15,4,"21.1","19",15.1,"3.9"
"Tucker, Kyle","663656","CHC","2025","adj_xhr","24",5,15,9,"50","18",20.1,"-2.1"
"O'Hoppe, Logan","681351","LAA","2025","adj_xhr","22.87",5,17,4,"22.2","18",15,"3.0"
"Olson, Matt","621566","ATL","2025","adj_xhr","23.74",13,16,5,"27.8","18",17.4,"0.6"
"Goodman, Hunter","696100","COL","2025","adj_xhr","23.07",5,13,7,"38.9","18",15.9,"2.1"
"Trout, Mike","545361","LAA","2025","adj_xhr","24.66",8,12,7,"38.9","18",15.5,"2.5"
"Chisholm Jr., Jazz","665862","NYY","2025","adj_xhr","24.49",8,12,7,"38.9","18",16,"2.0"
"Perez, Salvador","521692","KC","2025","adj_xhr","27.06",10,15,11,"61.1","18",21,"-3.0"
"De La Cruz, Elly","682829","CIN","2025","adj_xhr","26.39",10,10,8,"44.4","18",15.9,"2.1"
"Díaz, Yandy","650490","TB","2025","adj_xhr","28.52",8,15,4,"23.5","17",13.7,"3.3"
"Chourio, Jackson","694192","MIL","2025","adj_xhr","24.69",6,9,9,"52.9","17",15.8,"1.2"
"Springer, George","543807","TOR","2025","adj_xhr","22.81",5,16,7,"41.2","17",18.3,"-1.3"
"Tatis Jr., Fernando","665487","SD","2025","adj_xhr","25.18",9,10,8,"47.1","17",16.3,"0.7"
"Altuve, Jose","514888","HOU","2025","adj_xhr","24.97",8,7,7,"41.2","17",12.9,"4.1"
"Rodríguez, Julio","677594","SEA","2025","adj_xhr","24.56",6,10,11,"64.7","17",16.5,"0.5"
"Pasquantino, Vinnie","686469","KC","2025","adj_xhr","24.18",4,13,9,"52.9","17",19.5,"-2.5"
"Grisham, Trent","663757","NYY","2025","adj_xhr","21.83",6,13,5,"29.4","17",15.1,"1.9"
"Swanson, Dansby","621020","CHC","2025","adj_xhr","23.77",4,12,7,"43.8","16",14.9,"1.1"
"Moniak, Mickey","666160","COL","2025","adj_xhr","21.94",5,12,6,"37.5","16",15.6,"0.4"
"McMahon, Ryan","641857","COL","2025","adj_xhr","21.74",6,12,7,"43.8","16",16.7,"-0.7"
"Carpenter, Kerry","681481","DET","2025","adj_xhr","24.95",7,12,6,"37.5","16",13.4,"2.6"
"Polanco, Jorge","593871","SEA","2025","adj_xhr","26.2",2,11,8,"50","16",15.4,"0.6"
"Cruz, Oneil","665833","PIT","2025","adj_xhr","29.12",9,8,9,"56.3","16",16.3,"-0.3"
"Manzardo, Kyle","700932","CLE","2025","adj_xhr","22.81",7,8,7,"43.8","16",13.6,"2.4"
"Murphy, Sean","669221","ATL","2025","adj_xhr","24.06",2,9,7,"43.8","16",12.7,"3.3"
"Story, Trevor","596115","BOS","2025","adj_xhr","23.58",8,9,9,"60","15",15.6,"-0.6"
"Lowe, Nathaniel","663993","WSH","2025","adj_xhr","21.26",5,13,3,"20","15",12,"3.0"
"Hernández, Teoscar","606192","LAD","2025","adj_xhr","25.01",8,9,4,"26.7","15",11.2,"3.8"
"Neto, Zach","687263","LAA","2025","adj_xhr","24.3",11,8,10,"66.7","15",15.6,"-0.6"
"Rice, Ben","700250","NYY","2025","adj_xhr","21.83",8,6,11,"73.3","15",15.9,"-0.9"
"Wells, Austin","669224","NYY","2025","adj_xhr","22.42",9,12,2,"13.3","15",11.9,"3.1"
"Adames, Willy","642715","SF","2025","adj_xhr","22.99",10,11,7,"46.7","15",15.6,"-0.6"
"Seager, Corey","608369","TEX","2025","adj_xhr","23.06",9,14,5,"33.3","15",16.2,"-1.2"
"Langeliers, Shea","669127","ATH","2025","adj_xhr","22.26",2,7,8,"53.3","15",11.8,"3.2"
"Langford, Wyatt","694671","TEX","2025","adj_xhr","20.75",4,8,8,"53.3","15",13.5,"1.5"
"Barger, Addison","680718","TOR","2025","adj_xhr","23.32",2,10,10,"71.4","14",15.5,"-1.5"
"Contreras, Willson","575929","STL","2025","adj_xhr","26.02",10,15,7,"50","14",17.8,"-3.8"
"Harper, Bryce","547180","PHI","2025","adj_xhr","25.75",11,13,2,"14.3","14",12,"2.0"
"Witt Jr., Bobby","677951","KC","2025","adj_xhr","20.87",10,8,11,"78.6","14",16.6,"-2.6"
"Ramírez, Agustín","682663","MIA","2025","adj_xhr","27.79",8,7,9,"64.3","14",14,"0.0"
"García, Adolis","666969","TEX","2025","adj_xhr","26.44",6,8,10,"71.4","14",15,"-1.0"
"Ramos, Heliot","671218","SF","2025","adj_xhr","24.27",6,12,5,"35.7","14",12,"2.0"
"Sheets, Gavin","657757","SD","2025","adj_xhr","22.41",6,9,5,"35.7","14",12.5,"1.5"
"Laureano, Ramón","657656","BAL","2025","adj_xhr","23.2",7,3,10,"71.4","14",12.5,"1.5"
"Rafaela, Ceddanne","678882","BOS","2025","adj_xhr","22.32",8,7,10,"71.4","14",14.8,"-0.8"
"Riley, Austin","663586","ATL","2025","adj_xhr","22.61",3,8,10,"71.4","14",15.5,"-1.5"
"Volpe, Anthony","683011","NYY","2025","adj_xhr","22.44",6,9,4,"28.6","14",11.2,"2.8"
"Chapman, Matt","656305","SF","2025","adj_xhr","24.02",3,9,7,"50","14",13.8,"0.2"
"Butler, Lawrence","671732","ATH","2025","adj_xhr","26.14",4,11,1,"7.1","14",9.1,"4.9"
"Holliday, Jackson","702616","BAL","2025","adj_xhr","20.9",7,13,4,"28.6","14",13.1,"0.9"
"Smith, Will","669257","LAD","2025","adj_xhr","22.2",9,8,5,"35.7","14",11.7,"2.3"
"Bell, Josh","605137","WSH","2025","adj_xhr","24.44",4,7,8,"61.5","13",12.6,"0.4"
"Muncy, Max","571970","LAD","2025","adj_xhr","25.62",7,7,7,"53.8","13",11.8,"1.2"
"Castellanos, Nick","592206","PHI","2025","adj_xhr","22.28",6,9,6,"46.2","13",12,"1.0"
"Ozuna, Marcell","542303","ATL","2025","adj_xhr","30.59",3,8,8,"61.5","13",13.2,"-0.2"
"Mullins, Cedric","656775","BAL","2025","adj_xhr","22.89",2,13,2,"15.4","13",10.7,"2.3"
"Walker, Christian","572233","HOU","2025","adj_xhr","25.86",8,8,8,"61.5","13",12.8,"0.2"
"Guerrero Jr., Vladimir","665489","TOR","2025","adj_xhr","28.36",6,9,5,"38.5","13",12.2,"0.8"
"Bichette, Bo","666182","TOR","2025","adj_xhr","26.36",6,10,6,"46.2","13",12.6,"0.4"
"Semien, Marcus","543760","TEX","2025","adj_xhr","23.32",6,10,6,"46.2","13",14,"-1.0"
"Happ, Ian","664023","CHC","2025","adj_xhr","22.48",4,9,6,"46.2","13",13.3,"-0.3"
"Larnach, Trevor","663616","MIN","2025","adj_xhr","22.27",2,12,4,"30.8","13",13.5,"-0.5"
"Abrams, CJ","682928","WSH","2025","adj_xhr","23.49",9,10,4,"30.8","13",11.7,"1.3"
"Diaz, Yainer","673237","HOU","2025","adj_xhr","23.85",6,13,4,"30.8","13",12.5,"0.5"
"Kelly, Carson","608348","CHC","2025","adj_xhr","22.24",8,7,6,"46.2","13",11.4,"1.6"
"Acuña Jr., Ronald","660670","ATL","2025","adj_xhr","26.32",2,5,8,"61.5","13",11.5,"1.5"
"O'Hearn, Ryan","656811","BAL","2025","adj_xhr","24.28",6,10,1,"8.3","12",8.3,"3.7"
"Nootbaar, Lars","663457","STL","2025","adj_xhr","21.44",8,9,3,"25","12",11,"1.0"
"Flores, Wilmer","527038","SF","2025","adj_xhr","24.77",3,8,4,"33.3","12",9.4,"2.6"
"Soler, Jorge","624585","LAA","2025","adj_xhr","27.04",4,4,7,"58.3","12",10,"2.0"
"Clemens, Kody","665019","MIN","2025","adj_xhr","22.5",2,9,4,"33.3","12",11.3,"0.7"
"Bader, Harrison","664056","MIN","2025","adj_xhr","22.14",4,4,8,"66.7","12",11.4,"0.6"
"Hoskins, Rhys","656555","MIL","2025","adj_xhr","22.84",10,8,4,"33.3","12",10.6,"1.4"
"Vargas, Miguel","678246","CWS","2025","adj_xhr","25.56",5,12,3,"25","12",11.4,"0.6"
"Bregman, Alex","608324","BOS","2025","adj_xhr","23.84",6,6,7,"58.3","12",11.7,"0.3"
"Tellez, Rowdy","642133","TEX","2025","adj_xhr","26.92",2,7,7,"58.3","12",12.5,"-0.5"
"Gurriel Jr., Lourdes","666971","AZ","2025","adj_xhr","26.68",4,6,7,"58.3","12",11.9,"0.1"
"Burleson, Alec","676475","STL","2025","adj_xhr","24.98",7,8,6,"50","12",12.9,"-0.9"
"Betts, Mookie","605141","LAD","2025","adj_xhr","22.06",2,9,4,"36.4","11",10.5,"0.5"
"Santana, Carlos","467793","CLE","2025","adj_xhr","23.24",5,11,2,"18.2","11",11.5,"-0.5"
"Jansen, Danny","643376","TB","2025","adj_xhr","23.82",5,10,3,"27.3","11",11.6,"-0.6"
"Turner, Trea","607208","PHI","2025","adj_xhr","21.97",9,9,5,"45.5","11",10.7,"0.3"
"Aranda, Jonathan","666018","TB","2025","adj_xhr","27.04",8,9,6,"54.5","11",13.2,"-2.2"
"Henderson, Gunnar","683002","BAL","2025","adj_xhr","23.42",5,6,4,"36.4","11",8.4,"2.6"
"McLain, Matt","680574","CIN","2025","adj_xhr","21.78",4,7,4,"36.4","11",8.5,"2.5"
"Wallner, Matt","670242","MIN","2025","adj_xhr","23.35",3,6,6,"54.5","11",10.8,"0.2"
"Beck, Jordan","687597","COL","2025","adj_xhr","23.2",3,10,7,"63.6","11",14.8,"-3.8"
"Benintendi, Andrew","643217","CWS","2025","adj_xhr","23.3",5,7,9,"81.8","11",13.9,"-2.9"
"Peña, Jeremy","665161","HOU","2025","adj_xhr","22.95",5,4,4,"36.4","11",7.7,"3.3"
"Steer, Spencer","668715","CIN","2025","adj_xhr","22.48",1,9,3,"27.3","11",8.2,"2.8"
"Baldwin, Drake","686948","ATL","2025","adj_xhr","23.37",6,6,4,"36.4","11",9.3,"1.7"
"Burger, Jake","669394","TEX","2025","adj_xhr","21.94",2,9,5,"45.5","11",10.1,"0.9"
"Kepler, Max","596146","PHI","2025","adj_xhr","20.61",3,9,4,"36.4","11",10.7,"0.3"
"Baty, Brett","683146","NYM","2025","adj_xhr","23.38",3,9,4,"36.4","11",11,"0.0"
"Naylor, Josh","647304","SEA","2025","adj_xhr","27.16",5,12,2,"18.2","11",9.4,"1.6"
"Lopez, Otto","672640","MIA","2025","adj_xhr","24.02",6,9,4,"36.4","11",11.3,"-0.3"
"Westburg, Jordan","676059","BAL","2025","adj_xhr","21.23",5,8,6,"54.5","11",11.6,"-0.6"
"Edman, Tommy","669242","LAD","2025","adj_xhr","22.45",3,5,4,"36.4","11",8.9,"2.1"
"Báez, Javier","595879","DET","2025","adj_xhr","25.54",3,6,6,"60","10",10.6,"-0.6"
"Wilson, Jacob","805779","ATH","2025","adj_xhr","22.65",4,6,2,"20","10",7.3,"2.7"
"Hays, Austin","669720","CIN","2025","adj_xhr","21.04",5,10,2,"20","10",8.7,"1.3"
"Robert Jr., Luis","673357","CWS","2025","adj_xhr","23.94",9,5,5,"50","10",9.4,"0.6"
"Reynolds, Bryan","668804","PIT","2025","adj_xhr","24.19",6,9,7,"70","10",12.9,"-2.9"
"Friedl, TJ","670770","CIN","2025","adj_xhr","23.41",5,6,4,"40","10",8.5,"1.5"
"Arenado, Nolan","571448","STL","2025","adj_xhr","22.82",10,3,7,"70","10",10.5,"-0.5"
"Toglia, Michael","669911","COL","2025","adj_xhr","23.02",1,8,4,"40","10",9.5,"0.5"
"Naylor, Bo","666310","CLE","2025","adj_xhr","22.9",4,5,4,"40","10",7.2,"2.8"
"Caratini, Victor","605170","HOU","2025","adj_xhr","24.18",5,4,4,"40","10",7.2,"2.8"
"Castro, Willi","650489","MIN","2025","adj_xhr","20.06",3,11,2,"20","10",8.7,"1.3"
"Freeman, Freddie","518692","LAD","2025","adj_xhr","23.42",3,14,4,"40","10",11.3,"-1.3"
"Perdomo, Geraldo","672695","AZ","2025","adj_xhr","23.94",3,9,2,"20","10",8.8,"1.2"
"Martínez, Angel","682657","CLE","2025","adj_xhr","24.98",3,7,2,"22.2","9",7.1,"1.9"
"Herrera, Iván","671056","STL","2025","adj_xhr","25.59",1,7,4,"44.4","9",9.8,"-0.8"
"McNeil, Jeff","643446","NYM","2025","adj_xhr","23",4,7,3,"33.3","9",8.7,"0.3"
"Sánchez, Jesús","660821","MIA","2025","adj_xhr","25.89",3,11,4,"44.4","9",12,"-3.0"
"Torres, Gleyber","650402","DET","2025","adj_xhr","25.38",5,7,5,"55.6","9",9.9,"-0.9"
"Heim, Jonah","641680","TEX","2025","adj_xhr","23.55",12,5,3,"33.3","9",8.2,"0.8"
"Jung, Josh","673962","TEX","2025","adj_xhr","19.92",4,8,4,"44.4","9",9.5,"-0.5"
"Donovan, Brendan","680977","STL","2025","adj_xhr","21.43",4,9,3,"33.3","9",8.8,"0.2"
"Narváez, Carlos","665966","BOS","2025","adj_xhr","23.55",10,4,4,"44.4","9",6.4,"2.6"
"Albies, Ozzie","645277","ATL","2025","adj_xhr","24.77",7,6,2,"22.2","9",6,"3.0"
"Duran, Jarren","680776","BOS","2025","adj_xhr","22.11",3,5,6,"66.7","9",9.3,"-0.3"
"McCutchen, Andrew","457705","PIT","2025","adj_xhr","23.25",6,9,3,"33.3","9",8.7,"0.3"
"Gorman, Nolan","669357","STL","2025","adj_xhr","23.98",3,6,5,"55.6","9",9.5,"-0.5"
"Schneemann, Daniel","682177","CLE","2025","adj_xhr","22.62",5,5,3,"33.3","9",7.2,"1.8"
"Moore, Dylan","664238","SEA","2025","adj_xhr","20.45",4,6,3,"33.3","9",7.2,"1.8"
"Sosa, Lenyn","672820","CWS","2025","adj_xhr","25.3",4,8,6,"66.7","9",11.5,"-2.5"
"Muncy, Max","691777","ATH","2025","adj_xhr","22.93",0,5,4,"44.4","9",7.5,"1.5"
"Domínguez, Jasson","691176","NYY","2025","adj_xhr","24.29",3,7,2,"22.2","9",6.9,"2.1"
"Stephenson, Tyler","663886","CIN","2025","adj_xhr","22.05",3,6,4,"50","8",7.9,"0.1"
"McKinstry, Zach","656716","DET","2025","adj_xhr","22.98",3,5,3,"37.5","8",7.2,"0.8"
"Garcia, Maikel","672580","KC","2025","adj_xhr","25.35",8,8,3,"37.5","8",9.2,"-1.2"
"Cowser, Colton","681297","BAL","2025","adj_xhr","22.3",2,5,3,"37.5","8",6.3,"1.7"
"Urías, Luis","649966","ATH","2025","adj_xhr","23.77",2,4,4,"50","8",6.1,"1.9"
"Bleday, JJ","668709","ATH","2025","adj_xhr","22.97",3,6,1,"12.5","8",5.5,"2.5"
"Benson, Will","666181","CIN","2025","adj_xhr","24.53",3,9,2,"25","8",7.6,"0.4"
"Yastrzemski, Mike","573262","SF","2025","adj_xhr","23.27",6,6,2,"25","8",6.5,"1.5"
"Rutschman, Adley","668939","BAL","2025","adj_xhr","23.48",6,6,5,"62.5","8",8.7,"-0.7"
"Smith, Josh","669701","TEX","2025","adj_xhr","20.7",1,5,5,"62.5","8",8.3,"-0.3"
"Kwan, Steven","680757","CLE","2025","adj_xhr","20.14",5,6,1,"12.5","8",6.2,"1.8"
"Moncada, Yoán","660162","LAA","2025","adj_xhr","24.83",4,4,4,"50","8",7.5,"0.5"
"Conforto, Michael","624424","LAD","2025","adj_xhr","22.94",3,6,3,"37.5","8",7.8,"0.2"
"Smith, Pavin","656976","AZ","2025","adj_xhr","23.78",2,6,4,"50","8",8.8,"-0.8"
"Goldschmidt, Paul","502671","NYY","2025","adj_xhr","22.67",12,5,3,"37.5","8",6.3,"1.7"
"Varsho, Daulton","662139","TOR","2025","adj_xhr","21.68",1,7,3,"37.5","8",7.5,"0.5"
"Schanuel, Nolan","694384","LAA","2025","adj_xhr","23.62",3,6,2,"25","8",7.5,"0.5"
"Cronenworth, Jake","630105","SD","2025","adj_xhr","23.6",3,5,3,"37.5","8",7.3,"0.7"
"Keith, Colt","690993","DET","2025","adj_xhr","22.72",3,5,5,"62.5","8",7.6,"0.4"
"Lee, Brooks","686797","MIN","2025","adj_xhr","23.15",6,5,2,"25","8",6.6,"1.4"
"Harris II, Michael","671739","ATL","2025","adj_xhr","24.5",6,3,6,"75","8",8.7,"-0.7"
"Hernández, Enrique","571771","LAD","2025","adj_xhr","22.71",2,6,3,"37.5","8",7.1,"0.9"
"Dingler, Dillon","693307","DET","2025","adj_xhr","24.13",5,5,5,"62.5","8",8.6,"-0.6"
"Bohm, Alec","664761","PHI","2025","adj_xhr","21.88",6,8,1,"12.5","8",5,"3.0"
"Winn, Masyn","691026","STL","2025","adj_xhr","24.59",2,10,3,"42.9","7",9.8,"-2.8"
"García Jr., Luis","671277","WSH","2025","adj_xhr","24.74",6,10,2,"28.6","7",8.7,"-1.7"
"Mervis, Matt","670223","MIA","2025","adj_xhr","22.8",0,4,3,"42.9","7",5.6,"1.4"
"Morel, Christopher","666624","TB","2025","adj_xhr","25.17",6,5,5,"71.4","7",8.6,"-1.6"
"Doyle, Brenton","686668","COL","2025","adj_xhr","20.44",4,7,2,"28.6","7",6.3,"0.7"
"Pérez, Wenceel","672761","DET","2025","adj_xhr","24.08",5,7,0,"0","7",5.5,"1.5"
"Stott, Bryson","681082","PHI","2025","adj_xhr","24.17",3,7,2,"28.6","7",7,"0.0"
"Correa, Carlos","621043","MIN","2025","adj_xhr","24.9",7,4,4,"57.1","7",7.5,"-0.5"
"Grichuk, Randal","545341","AZ","2025","adj_xhr","22.57",4,7,4,"57.1","7",7.8,"-0.8"
"Merrill, Jackson","701538","SD","2025","adj_xhr","21.85",7,12,1,"14.3","7",8.9,"-1.9"
"Jeffers, Ryan","680777","MIN","2025","adj_xhr","24.23",7,5,5,"71.4","7",8.3,"-1.3"
"Kirk, Alejandro","672386","TOR","2025","adj_xhr","25.23",7,8,2,"28.6","7",7.2,"-0.2"
"Vaughn, Andrew","683734","MIL","2025","adj_xhr","22.26",4,8,4,"57.1","7",8.2,"-1.2"
"Frelick, Sal","686217","MIL","2025","adj_xhr","21.69",4,5,1,"14.3","7",5.2,"1.8"
"Ortiz, Joey","687401","MIL","2025","adj_xhr","21.61",3,2,5,"71.4","7",6.2,"0.8"
"Crews, Dylan","686611","WSH","2025","adj_xhr","20.63",3,4,3,"42.9","7",6.5,"0.5"
"Crawford, J.P.","641487","SEA","2025","adj_xhr","23.92",2,7,1,"14.3","7",6.7,"0.3"
"Realmuto, J.T.","592663","PHI","2025","adj_xhr","23.84",3,4,4,"57.1","7",7,"0.0"
"Smith, Cam","701358","HOU","2025","adj_xhr","24.14",6,3,4,"57.1","7",6.3,"0.7"
"Wynns, Austin","642851","ATH","2025","adj_xhr","22.18",1,3,4,"66.7","6",6.6,"-0.6"
"McGuire, Reese","624512","CHC","2025","adj_xhr","21.42",2,4,1,"16.7","6",4.6,"1.4"
"Campbell, Kristian","692225","BOS","2025","adj_xhr","21.94",1,3,3,"50","6",4.8,"1.2"
"Paris, Kyren","677347","LAA","2025","adj_xhr","23.57",0,6,1,"16.7","6",5,"1.0"
"Stanton, Giancarlo","519317","NYY","2025","adj_xhr","22.91",1,6,0,"0","6",5.1,"0.9"
"Lukes, Nathan","664770","TOR","2025","adj_xhr","22.93",1,4,2,"33.3","6",5.5,"0.5"
"Tauchman, Mike","643565","CWS","2025","adj_xhr","23.72",3,4,2,"33.3","6",5.4,"0.6"
"Collins, Isaac","686555","MIL","2025","adj_xhr","23",1,5,3,"50","6",6.7,"-0.7"
"Lee, Jung Hoo","808982","SF","2025","adj_xhr","20.9",5,6,2,"33.3","6",6.7,"-0.7"
"Norby, Connor","681393","MIA","2025","adj_xhr","23.26",2,10,2,"33.3","6",8.2,"-2.2"
"Lowe, Josh","666139","TB","2025","adj_xhr","25.43",3,6,1,"16.7","6",5.2,"0.8"
"Canzone, Dominic","686527","SEA","2025","adj_xhr","23.95",3,3,4,"66.7","6",6.2,"-0.2"
"Gonzalez, Romy","663853","BOS","2025","adj_xhr","22.87",2,4,4,"66.7","6",6.5,"-0.5"
"Tovar, Ezequiel","678662","COL","2025","adj_xhr","22.46",2,4,4,"66.7","6",7,"-1.0"
"Vientos, Mark","668901","NYM","2025","adj_xhr","24.2",2,8,1,"16.7","6",6.7,"-0.7"
"Pagés, Pedro","686780","STL","2025","adj_xhr","24.45",5,1,5,"83.3","6",6.4,"-0.4"
"d'Arnaud, Travis","518595","LAA","2025","adj_xhr","23.47",3,5,3,"50","6",5.9,"0.1"
"Tawa, Tim","694374","AZ","2025","adj_xhr","22.3",5,3,3,"50","6",5.7,"0.3"
"Urías, Ramón","602104","BAL","2025","adj_xhr","23.19",3,7,1,"16.7","6",5.1,"0.9"
"Contreras, William","661388","MIL","2025","adj_xhr","28.26",6,4,1,"16.7","6",3.9,"2.1"
"Bogaerts, Xander","593428","SD","2025","adj_xhr","27.27",5,4,3,"50","6",5.5,"0.5"
"Garver, Mitch","641598","SEA","2025","adj_xhr","26.92",6,2,4,"66.7","6",5.7,"0.3"
"Dubón, Mauricio","643289","HOU","2025","adj_xhr","25.27",5,6,1,"16.7","6",5.7,"0.3"
"Turang, Brice","668930","MIL","2025","adj_xhr","22.37",5,5,2,"33.3","6",6.1,"-0.1"
"Santander, Anthony","623993","TOR","2025","adj_xhr","27.82",4,3,5,"83.3","6",6.9,"-0.9"
"Arias, Gabriel","672356","CLE","2025","adj_xhr","25.52",3,5,4,"66.7","6",8.3,"-2.3"
"France, Ty","664034","MIN","2025","adj_xhr","24.66",6,7,3,"50","6",8.3,"-2.3"
"Encarnacion-Strand, Christian","687952","CIN","2025","adj_xhr","24.2",1,2,3,"50","6",4.6,"1.4"
"Rojas, Miguel","500743","LAD","2025","adj_xhr","22.1",3,2,3,"50","6",4.4,"1.6"
"Refsnyder, Rob","608701","BOS","2025","adj_xhr","21.16",1,4,3,"50","6",5.7,"0.3"
"Marte, Noelvi","682622","CIN","2025","adj_xhr","26.32",2,0,6,"100","6",6.2,"-0.2"
"Schneider, Davis","676914","TOR","2025","adj_xhr","22.33",0,3,2,"40","5",4.7,"0.3"
"Sánchez, Gary","596142","BAL","2025","adj_xhr","24.1",3,0,3,"60","5",3.4,"1.6"
"Matos, Luis","682641","SF","2025","adj_xhr","25.18",0,2,3,"60","5",3.9,"1.1"
"Fraley, Jake","641584","CIN","2025","adj_xhr","22.62",1,3,1,"20","5",3.2,"1.8"
"Schmitt, Casey","669477","SF","2025","adj_xhr","22.46",1,1,4,"80","5",4.4,"0.6"
"Adams, Riley","656180","WSH","2025","adj_xhr","21.78",0,5,1,"20","5",4.6,"0.4"
"Durbin, Caleb","702332","MIL","2025","adj_xhr","20.65",7,5,1,"20","5",3.8,"1.2"
"Scott II, Victor","687363","STL","2025","adj_xhr","24.44",1,2,3,"60","5",4.8,"0.2"
"Wagaman, Eric","676572","MIA","2025","adj_xhr","22.58",7,4,2,"40","5",5.3,"-0.3"
"Misner, Kameron","670224","TB","2025","adj_xhr","20.37",2,4,0,"0","5",3.3,"1.7"
"Bauers, Jake","641343","MIL","2025","adj_xhr","23.95",2,4,2,"40","5",4.1,"0.9"
"Shaw, Matt","807713","CHC","2025","adj_xhr","22.04",2,4,2,"40","5",4.1,"0.9"
"Díaz, Elias","553869","SD","2025","adj_xhr","25.56",1,4,2,"40","5",4.1,"0.9"
"Caglianone, Jac","695506","KC","2025","adj_xhr","20.58",2,4,2,"40","5",4.4,"0.6"
"Toro, Abraham","647351","BOS","2025","adj_xhr","20.45",1,7,1,"20","5",5.6,"-0.6"
"Thomas, Alek","677950","AZ","2025","adj_xhr","24.84",4,4,2,"40","5",6.1,"-1.1"
"Baldwin, Brooks","681460","CWS","2025","adj_xhr","22.6",3,5,2,"40","5",5.6,"-0.6"
"Clement, Ernie","676391","TOR","2025","adj_xhr","25.93",5,1,4,"80","5",5.2,"-0.2"
"Arraez, Luis","650333","SD","2025","adj_xhr","24.57",2,5,1,"20","5",5.1,"-0.1"
"Giménez, Andrés","665926","TOR","2025","adj_xhr","23.47",2,5,2,"40","5",5.1,"-0.1"
"Moreno, Gabriel","672515","AZ","2025","adj_xhr","26.08",3,4,2,"40","5",4.4,"0.6"
"Lewis, Royce","668904","MIN","2025","adj_xhr","23.11",4,3,4,"80","5",5.9,"-0.9"
"Rosario, Amed","642708","WSH","2025","adj_xhr","23.01",5,1,3,"60","5",4,"1.0"
"Slater, Austin","596103","CWS","2025","adj_xhr","22.36",4,3,4,"80","5",6.3,"-1.3"
"Taylor, Michael A.","572191","CWS","2025","adj_xhr","22.74",4,8,3,"60","5",7.2,"-2.2"
"Sweeney, Trey","700242","DET","2025","adj_xhr","22.52",2,4,1,"20","5",4.8,"0.2"
"Maldonado, Martín","455117","SD","2025","adj_xhr","24.85",1,3,2,"50","4",4.4,"-0.4"
"Gonzales, Nick","693304","PIT","2025","adj_xhr","25.05",4,4,3,"75","4",5,"-1.0"
"Pham, Tommy","502054","PIT","2025","adj_xhr","22.42",5,5,1,"25","4",4.5,"-0.5"
"Carter, Evan","694497","TEX","2025","adj_xhr","20.8",0,2,3,"75","4",3.9,"0.1"
"Thomas, Lane","657041","CLE","2025","adj_xhr","24.04",0,2,1,"25","4",2.2,"1.8"
"Mayer, Marcelo","691785","BOS","2025","adj_xhr","25.14",0,4,2,"50","4",4.5,"-0.5"
"Trevino, Jose","624431","CIN","2025","adj_xhr","22.96",6,5,0,"0","4",4.2,"-0.2"
"Jones, Jahmai","663330","DET","2025","adj_xhr","21.02",0,3,2,"50","4",4.3,"-0.3"
"Raley, Luke","670042","SEA","2025","adj_xhr","22.77",1,1,3,"75","4",4.1,"-0.1"
"Lux, Gavin","666158","CIN","2025","adj_xhr","23.98",2,6,0,"0","4",2.9,"1.1"
"Rengifo, Luis","650859","LAA","2025","adj_xhr","20.49",2,3,3,"75","4",4.7,"-0.7"
"Carlson, Dylan","666185","BAL","2025","adj_xhr","20.65",3,2,0,"0","4",1.5,"2.5"
"Marte, Starling","516782","NYM","2025","adj_xhr","25.98",1,4,2,"50","4",4.9,"-0.9"
"Davis, Henry","680779","PIT","2025","adj_xhr","23.56",1,3,3,"75","4",4.8,"-0.8"
"Mauricio, Ronny","677595","NYM","2025","adj_xhr","23.83",2,4,1,"25","4",4.4,"-0.4"
"Myers, Dane","667472","MIA","2025","adj_xhr","26.83",3,2,2,"50","4",4.1,"-0.1"
"Alvarez, Francisco","682626","NYM","2025","adj_xhr","27.25",2,5,2,"50","4",5.2,"-1.2"
"Hicks, Liam","689414","MIA","2025","adj_xhr","23.27",2,7,0,"0","4",4.9,"-0.9"
"Higashioka, Kyle","543309","TEX","2025","adj_xhr","23.76",3,5,1,"25","4",4.7,"-0.7"
"O'Neill, Tyler","641933","BAL","2025","adj_xhr","21.52",3,2,2,"50","4",3.5,"0.5"
"Amaya, Miguel","665804","CHC","2025","adj_xhr","24.8",2,3,0,"0","4",2.2,"1.8"
"White, Eli","642201","ATL","2025","adj_xhr","20.44",4,1,2,"50","4",3.1,"0.9"
"Fry, David","681807","CLE","2025","adj_xhr","22.98",3,2,1,"25","4",2.8,"1.2"
"India, Jonathan","663697","KC","2025","adj_xhr","22.93",10,6,1,"25","4",5.3,"-1.3"
"Kjerstad, Heston","677008","BAL","2025","adj_xhr","23.95",1,3,1,"25","4",3.4,"0.6"
"Elko, Tim","671284","CWS","2025","adj_xhr","24.1",1,2,2,"50","4",3.8,"0.2"
"Pozo, Yohel","650968","STL","2025","adj_xhr","26.92",1,1,3,"75","4",3.8,"0.2"
"Farmer, Kyle","571657","COL","2025","adj_xhr","23.36",1,4,1,"25","4",3.2,"0.8"
"Canario, Alexander","672744","PIT","2025","adj_xhr","21.69",4,4,0,"0","3",2.7,"0.3"
"Alvarez, Yordan","670541","HOU","2025","adj_xhr","28.72",4,5,1,"33.3","3",4.9,"-1.9"
"Heineman, Tyler","623168","TOR","2025","adj_xhr","24.84",1,1,2,"66.7","3",3,"0.0"
"Isbel, Kyle","664728","KC","2025","adj_xhr","23.58",1,2,1,"33.3","3",3,"0.0"
"Walker, Jordan","691023","STL","2025","adj_xhr","23.93",2,6,2,"66.7","3",5.6,"-2.6"
"Casas, Triston","671213","BOS","2025","adj_xhr","22.28",4,4,1,"33.3","3",3,"0.0"
"Loftin, Nick","679845","KC","2025","adj_xhr","22.47",1,4,2,"66.7","3",4.9,"-1.9"
"Triolo, Jared","669707","PIT","2025","adj_xhr","21.65",1,4,2,"66.7","3",5,"-2.0"
"Matthews, Brice","694728","HOU","2025","adj_xhr","23.34",0,1,2,"66.7","3",2.8,"0.2"
"Hernandez, Heriberto","681715","MIA","2025","adj_xhr","21.22",1,3,1,"33.3","3",3.1,"-0.1"
"Jones, Nolan","666134","CLE","2025","adj_xhr","22.08",8,5,2,"66.7","3",5.1,"-2.1"
"Lugo, Matthew","683090","LAA","2025","adj_xhr","23.1",0,1,2,"66.7","3",2.6,"0.4"
"Profar, Jurickson","595777","ATL","2025","adj_xhr","25.89",1,0,2,"66.7","3",2.1,"0.9"
"Moore, Christian","695681","LAA","2025","adj_xhr","23.38",1,1,1,"33.3","3",1.6,"1.4"
"Sosa, Edmundo","624641","PHI","2025","adj_xhr","24.22",2,1,1,"33.3","3",1.9,"1.1"
"Palacios, Joshua","641943","CWS","2025","adj_xhr","24.43",1,2,2,"66.7","3",3.6,"-0.6"
"Clarke, Denzel","672016","ATH","2025","adj_xhr","21.02",2,0,3,"100","3",3.1,"-0.1"
"Mead, Curtis","678554","TB","2025","adj_xhr","25.4",2,2,1,"33.3","3",2.4,"0.6"
"Peraza, Oswald","672724","NYY","2025","adj_xhr","22.19",3,1,1,"33.3","3",2,"1.0"
"Solano, Donovan","456781","SEA","2025","adj_xhr","25.86",0,2,1,"33.3","3",2.8,"0.2"
"Montgomery, Colson","695657","CWS","2025","adj_xhr","23.53",3,0,2,"66.7","3",2.2,"0.8"
"Walls, Taylor","670764","TB","2025","adj_xhr","23.6",0,3,1,"33.3","3",3.5,"-0.5"
"Fitzgerald, Tyler","666149","SF","2025","adj_xhr","21.52",3,3,0,"0","3",2.3,"0.7"
"Andujar, Miguel","609280","ATH","2025","adj_xhr","22.54",3,2,0,"0","3",1.3,"1.7"
"Hedges, Austin","595978","CLE","2025","adj_xhr","25.75",2,3,2,"66.7","3",3.6,"-0.6"
"Rave, John","670231","KC","2025","adj_xhr","20.71",1,2,1,"33.3","3",3.1,"-0.1"
"Taveras, Leody","665750","SEA","2025","adj_xhr","22.67",2,2,1,"33.3","3",2.5,"0.5"
"Hoerner, Nico","663538","CHC","2025","adj_xhr","22.63",2,4,0,"0","3",2.8,"0.2"
"Meyers, Jake","676694","HOU","2025","adj_xhr","22.7",3,2,2,"66.7","3",3.6,"-0.6"
"Estrada, Thairo","642731","COL","2025","adj_xhr","22.69",3,4,0,"0","3",3,"0.0"
"Marsh, Brandon","669016","PHI","2025","adj_xhr","22.5",3,4,1,"33.3","3",3.6,"-0.6"
"Frazier, Adam","624428","KC","2025","adj_xhr","22.32",0,4,0,"0","3",2.3,"0.7"
"Meidroth, Chase","805367","CWS","2025","adj_xhr","22.46",3,4,1,"33.3","3",3.5,"-0.5"
"Young, Jared","676724","NYM","2025","adj_xhr","21.61",0,3,1,"33.3","3",2.7,"0.3"
"Horwitz, Spencer","687462","PIT","2025","adj_xhr","24.62",1,3,0,"0","3",2.7,"0.3"
"Hamilton, David","666152","BOS","2025","adj_xhr","20.98",1,2,1,"33.3","3",2.8,"0.2"
"Wade Jr., LaMonte","664774","LAA","2025","adj_xhr","21.98",2,1,1,"50","2",2,"0.0"
"Kemp, Otto","805249","PHI","2025","adj_xhr","22.74",1,3,0,"0","2",1,"1.0"
"Kelenic, Jarred","672284","ATL","2025","adj_xhr","21.05",1,3,0,"0","2",1.6,"0.4"
"Mangum, Jake","663968","TB","2025","adj_xhr","18.4",1,3,0,"0","2",1.6,"0.4"
"Clase, Jonatan","682729","TOR","2025","adj_xhr","23.52",2,1,1,"50","2",2,"0.0"
"Maton, Nick","665155","CWS","2025","adj_xhr","22.57",2,1,1,"50","2",2.1,"-0.1"
"Mayo, Coby","691723","BAL","2025","adj_xhr","24.08",1,2,1,"50","2",2.1,"-0.1"
"Noel, Jhonkensy","678877","CLE","2025","adj_xhr","24.59",2,0,2,"100","2",2.2,"-0.2"
"Hilliard, Sam","656541","COL","2025","adj_xhr","23.72",2,1,1,"50","2",2.2,"-0.2"
"Hummel, Cooper","669450","HOU","2025","adj_xhr","21.32",0,3,1,"50","2",2.3,"-0.3"
"Ruiz, Keibert","660688","WSH","2025","adj_xhr","25.57",1,2,1,"50","2",2.4,"-0.4"
"Quero, Edgar","700337","CWS","2025","adj_xhr","24.25",1,3,0,"0","2",2.6,"-0.6"
"McCarthy, Jake","664983","AZ","2025","adj_xhr","25.58",1,1,2,"100","2",2.7,"-0.7"
"Hinds, Rece","677956","CIN","2025","adj_xhr","23.29",1,1,2,"100","2",2.8,"-0.8"
"Lile, Daylen","695734","WSH","2025","adj_xhr","23.95",5,3,1,"50","2",3.3,"-1.3"
"Rogers, Jake","668670","DET","2025","adj_xhr","25.13",3,2,0,"0","2",1.6,"0.4"
"Arcia, Orlando","606115","COL","2025","adj_xhr","22.38",2,3,0,"0","2",1.9,"0.1"
"Valdez, Enmanuel","665839","PIT","2025","adj_xhr","25.84",2,2,1,"50","2",2.1,"-0.1"
"Dezenzo, Zach","701305","HOU","2025","adj_xhr","20.77",2,2,1,"50","2",2.2,"-0.2"
"Candelario, Jeimer","600869","CIN","2025","adj_xhr","25.41",2,2,1,"50","2",2.3,"-0.3"
"Hill, Derek","656537","MIA","2025","adj_xhr","23.38",1,4,0,"0","2",2.4,"-0.4"
"Meadows, Parker","678009","DET","2025","adj_xhr","24.13",1,3,1,"50","2",2.6,"-0.6"
"Pederson, Joc","592626","TEX","2025","adj_xhr","30.79",2,2,1,"50","2",2.8,"-0.8"
"Trammell, Taylor","666211","HOU","2025","adj_xhr","23.52",4,2,0,"0","2",1.7,"0.3"
"Koss, Christian","683766","SF","2025","adj_xhr","20.86",3,3,0,"0","2",1.9,"0.1"
"Haggerty, Sam","664059","TEX","2025","adj_xhr","20.57",3,1,2,"100","2",2.7,"-0.7"
"Anthony, Roman","701350","BOS","2025","adj_xhr","18.8",2,3,1,"50","2",2.9,"-0.9"
"Call, Alex","669743","WSH","2025","adj_xhr","24.23",1,3,2,"100","2",3.1,"-1.1"
"Massey, Michael","686681","KC","2025","adj_xhr","21.56",2,3,1,"50","2",3.3,"-1.3"
"Torrens, Luis","620443","NYM","2025","adj_xhr","29.71",11,3,0,"0","2",3.3,"-1.3"
"Young, Cole","702284","SEA","2025","adj_xhr","24.48",5,2,1,"50","2",2.3,"-0.3"
"Turner, Justin","457759","CHC","2025","adj_xhr","27.44",6,1,1,"50","2",2.6,"-0.6"
"Taylor, Tyrone","621438","NYM","2025","adj_xhr","20.67",5,1,2,"100","2",2.8,"-0.8"
"Mountcastle, Ryan","663624","BAL","2025","adj_xhr","24.64",5,1,2,"100","2",2.9,"-0.9"
"Fortes, Nick","663743","MIA","2025","adj_xhr","22.71",3,3,2,"100","2",3.5,"-1.5"
"Bailey, Patrick","672275","SF","2025","adj_xhr","19.95",2,6,0,"0","2",4.5,"-2.5"
"Hayes, Ke'Bryan","663647","PIT","2025","adj_xhr","22.34",5,4,1,"50","2",3,"-1.0"
"House, Brady","691781","WSH","2025","adj_xhr","22.43",0,1,2,"100","2",2.3,"-0.3"
"Fermin, Freddy","666023","KC","2025","adj_xhr","23.89",1,0,2,"100","2",2.1,"-0.1"
"Haase, Eric","606992","MIL","2025","adj_xhr","20.97",1,1,1,"50","2",2.1,"-0.1"
"Escarra, J.C.","641555","NYY","2025","adj_xhr","25.87",1,1,1,"50","2",2.1,"-0.1"
"Gorski, Matt","685301","PIT","2025","adj_xhr","21.72",1,0,2,"100","2",2,"0.0"
"Ibáñez, Andy","628451","DET","2025","adj_xhr","20.53",1,1,1,"50","2",2,"0.0"
"Heyward, Jason","518792","SD","2025","adj_xhr","23.47",1,1,1,"50","2",1.9,"0.1"
"LeMahieu, DJ","518934","NYY","2025","adj_xhr","21.28",0,3,0,"0","2",1.6,"0.4"
"Smith, Dominic","642086","SF","2025","adj_xhr","27.5",1,1,1,"50","2",1.4,"0.6"
"Outman, James","681546","LAD","2025","adj_xhr","22.75",0,3,0,"0","2",1.4,"0.6"
"Huff, Sam","669087","SF","2025","adj_xhr","22.62",2,1,0,"0","2",1,"1.0"
"Julien, Edouard","666397","MIN","2025","adj_xhr","21.88",2,1,0,"0","2",0.8,"1.2"
"Kim, Hyeseong","808975","LAD","2025","adj_xhr","19.93",0,1,1,"50","2",1.3,"0.7"
"Short, Zack","670097","HOU","2025","adj_xhr","22.55",0,1,1,"50","2",1.3,"0.7"
"MacIver, Willie","680862","ATH","2025","adj_xhr","21.76",0,1,1,"50","2",1.7,"0.3"
"Schuemann, Max","680474","ATH","2025","adj_xhr","21.48",0,2,0,"0","2",1.9,"0.1"
"Loperfido, Joey","694388","TOR","2025","adj_xhr","22.63",0,1,1,"50","2",2,"0.0"
"Jackson, Alex","656577","BAL","2025","adj_xhr","23.2",0,0,2,"100","2",2,"0.0"
"McCann, James","543510","AZ","2025","adj_xhr","24.94",0,0,2,"100","2",2,"0.0"
"Rodgers, Brendan","663898","HOU","2025","adj_xhr","22.08",4,3,0,"0","2",1.6,"0.4"
"Caballero, José","676609","TB","2025","adj_xhr","23.47",5,2,0,"0","2",1.8,"0.2"
"Vázquez, Christian","543877","MIN","2025","adj_xhr","23.89",3,3,1,"50","2",2.8,"-0.8"
"Marchán, Rafael","665561","PHI","2025","adj_xhr","22.38",0,1,0,"0","1",0.9,"0.1"
"Newman, Kevin","621028","LAA","2025","adj_xhr","21.28",0,0,1,"100","1",1,"0.0"
"Whitcomb, Shay","694376","HOU","2025","adj_xhr","22.17",0,0,1,"100","1",1,"0.0"
"Wilson, Weston","642215","PHI","2025","adj_xhr","24.43",0,0,1,"100","1",1,"0.0"
"Barrero, José","676480","STL","2025","adj_xhr","22.27",0,0,1,"100","1",1,"0.0"
"Rodríguez, Johnathan","671286","CLE","2025","adj_xhr","22.33",0,1,0,"0","1",1,"0.0"
"Fermín, José","665877","STL","2025","adj_xhr","24.67",0,1,0,"0","1",1,"0.0"
"Maile, Luke","571912","KC","2025","adj_xhr","23.5",0,0,1,"100","1",1,"0.0"
"Cameron, Daz","663662","MIL","2025","adj_xhr","24.85",0,0,1,"100","1",1,"0.0"
"Vargas, Ildemaro","545121","AZ","2025","adj_xhr","26.98",0,0,1,"100","1",1,"0.0"
"Miranda, Jose","669304","MIN","2025","adj_xhr","25.4",0,0,1,"100","1",1,"0.0"
"Jiménez, Leo","677870","TOR","2025","adj_xhr","22.4",0,0,1,"100","1",1,"0.0"
"Tolbert, Tyler","686475","KC","2025","adj_xhr","22.68",0,0,1,"100","1",1,"0.0"
"Campero, Gustavo","672569","LAA","2025","adj_xhr","28.73",0,0,1,"100","1",1,"0.0"
"Johnson, Daniel","669288","SF","2025","adj_xhr","21.24",0,0,1,"100","1",1,"0.0"
"Veen, Zac","691728","COL","2025","adj_xhr","23.99",1,0,1,"100","1",1.2,"-0.2"
"Roden, Alan","702176","TOR","2025","adj_xhr","21.4",1,0,1,"100","1",1,"0.0"
"Canha, Mark","592192","KC","2025","adj_xhr","25.09",1,0,1,"100","1",1,"0.0"
"Harris, Dustin","687957","TEX","2025","adj_xhr","19.35",1,1,0,"0","1",1,"0.0"
"Helman, Michael","680737","TEX","2025","adj_xhr","20.5",1,0,1,"100","1",1,"0.0"
"Capra, Vinny","681962","CWS","2025","adj_xhr","21.69",3,1,0,"0","1",1.1,"-0.1"
"Brown, Seth","664913","ATH","2025","adj_xhr","22.51",1,1,0,"0","1",0.9,"0.1"
"Sanoja, Javier","691594","MIA","2025","adj_xhr","23.25",2,2,0,"0","1",1.4,"-0.4"
"Thaiss, Matt","642136","TB","2025","adj_xhr","22.36",2,1,1,"100","1",1.7,"-0.7"
"Rocchio, Brayan","677587","CLE","2025","adj_xhr","25.56",2,1,1,"100","1",1.8,"-0.8"
"Amador, Adael","691182","COL","2025","adj_xhr","25.11",1,3,0,"0","1",1.8,"-0.8"
"Osuna, Alejandro","696030","TEX","2025","adj_xhr","24.81",1,2,1,"100","1",2.2,"-1.2"
"Mastrobuoni, Miles","670156","SEA","2025","adj_xhr","21.7",3,0,0,"0","1",0.3,"0.7"
"Martini, Nick","605361","COL","2025","adj_xhr","21.07",2,1,0,"0","1",0.7,"0.3"
"Ritter, Ryan","690022","COL","2025","adj_xhr","25.54",1,2,0,"0","1",0.9,"0.1"
"Bliss, Ryan","669208","SEA","2025","adj_xhr","21.61",2,1,0,"0","1",0.9,"0.1"
"Taylor, Chris","621035","LAA","2025","adj_xhr","22.46",2,1,0,"0","1",1,"0.0"
"Rojas, Josh","668942","CWS","2025","adj_xhr","22.61",2,1,0,"0","1",1.1,"-0.1"
"Saggese, Thomas","695336","STL","2025","adj_xhr","23.49",2,0,1,"100","1",1.2,"-0.2"
"Herrera, Jose","645444","AZ","2025","adj_xhr","22.12",1,1,1,"100","1",1.4,"-0.4"
"Williamson, Ben","810938","SEA","2025","adj_xhr","20.79",1,1,1,"100","1",1.5,"-0.5"
"Monasterio, Andruw","655316","MIL","2025","adj_xhr","20.65",1,2,0,"0","1",1.6,"-0.6"
"Noda, Ryan","676116","CWS","2025","adj_xhr","19.7",0,2,0,"0","1",1.5,"-0.5"
"Winker, Jesse","608385","NYM","2025","adj_xhr","23.42",1,2,0,"0","1",1.7,"-0.7"
"Rushing, Dalton","687221","LAD","2025","adj_xhr","24.6",0,2,1,"100","1",1.7,"-0.7"
"Freeman, Tyler","671289","COL","2025","adj_xhr","21.33",4,2,0,"0","1",1.5,"-0.5"
"Suwinski, Jack","669261","PIT","2025","adj_xhr","20.82",1,1,1,"100","1",2.1,"-1.1"
"Teel, Kyle","691019","CWS","2025","adj_xhr","23.24",3,3,0,"0","1",1.6,"-0.6"
"Rojas, Johan","679032","PHI","2025","adj_xhr","23.87",1,1,0,"0","1",0.9,"0.1"
"Edwards, Xavier","669364","MIA","2025","adj_xhr","20.71",2,3,0,"0","1",1.6,"-0.6"
"Straw, Myles","664702","TOR","2025","adj_xhr","20.74",3,2,0,"0","1",1.9,"-0.9"
"Conine, Griffin","665052","MIA","2025","adj_xhr","21.66",0,1,1,"100","1",1.6,"-0.6"
"Malloy, Justyn-Henry","669234","DET","2025","adj_xhr","22.52",1,1,0,"0","1",0.8,"0.2"
"Mateo, Jorge","622761","BAL","2025","adj_xhr","24.86",0,2,0,"0","1",0.7,"0.3"
"Kim, Ha-Seong","673490","TB","2025","adj_xhr","21.52",0,1,1,"100","1",1.5,"-0.5"
"Bart, Joey","663698","PIT","2025","adj_xhr","22.97",7,2,0,"0","1",1.6,"-0.6"
"Waters, Drew","671221","KC","2025","adj_xhr","24.47",2,2,1,"100","1",2,"-1.0"
"Wisely, Brett","689172","SF","2025","adj_xhr","20.38",1,1,0,"0","1",0.6,"0.4"
"Hassell III, Robert","690987","WSH","2025","adj_xhr","23.87",1,0,1,"100","1",1,"0.0"
"Melendez, MJ","669004","KC","2025","adj_xhr","20.92",1,2,1,"100","1",2.5,"-1.5"
"Brooks, Trenton","670092","SD","2025","adj_xhr","24.51",0,2,0,"0","1",1.5,"-0.5"
"Fulford, Braxton","690924","COL","2025","adj_xhr","22.03",0,1,1,"100","1",1.3,"-0.3"
"Kiner-Falefa, Isiah","643396","PIT","2025","adj_xhr","20.02",1,1,0,"0","1",0.5,"0.5"
"Knizner, Andrew","668800","SF","2025","adj_xhr","25.39",1,0,0,"0","1",0.1,"0.9"
"Cabrera, Oswaldo","665828","NYY","2025","adj_xhr","22.18",1,0,0,"0","1",0.2,"0.8"
"Dunn, Blake","694362","CIN","2025","adj_xhr","21.08",0,1,0,"0","1",0.3,"0.7"
"Vivas, Jorbit","678391","NYY","2025","adj_xhr","23.9",0,1,0,"0","1",0.4,"0.6"
"Tromp, Chadwick","644433","BAL","2025","adj_xhr","22.51",0,1,0,"0","1",0.4,"0.6"
"DeJong, Paul","657557","WSH","2025","adj_xhr","21.45",0,1,0,"0","1",0.4,"0.6"
"Bouchard, Sean","656248","COL","2025","adj_xhr","22.74",0,1,0,"0","1",0.6,"0.4"
"Biggio, Cavan","624415","KC","2025","adj_xhr","21.11",0,1,0,"0","1",0.7,"0.3"
"Ruiz, Esteury","665923","LAD","2025","adj_xhr","23.76",0,1,0,"0","1",0.7,"0.3"
"Keirsey Jr., DaShawn","680577","MIN","2025","adj_xhr","22.96",0,1,0,"0","1",0.9,"0.1"
"Encarnacion, Jerar","666464","SF","2025","adj_xhr",,1,0,0,,"0",0.2,"-0.2"
"Seigler, Anthony","678011","MIL","2025","adj_xhr",,1,0,0,,"0",0.1,"-0.1"
"Rodríguez, Endy","682848","PIT","2025","adj_xhr",,1,0,0,,"0",0.1,"-0.1"
"Barnes, Austin","605131","LAD","2025","adj_xhr",,1,0,0,,"0",0.1,"-0.1"
"Nido, Tomás","621512","DET","2025","adj_xhr",,1,0,0,,"0",0.1,"-0.1"
"Perkins, Blake","663368","MIL","2025","adj_xhr",,1,0,0,,"0",0.1,"-0.1"
"Wade, Tyler","642180","SD","2025","adj_xhr",,1,0,0,,"0",0.1,"-0.1"
"Kreidler, Ryan","668952","DET","2025","adj_xhr",,1,0,0,,"0",0.1,"-0.1"
"Bae, Ji Hwan","678225","PIT","2025","adj_xhr",,2,0,0,,"0",0.1,"-0.1"
"Mitchell, Garrett","669003","MIL","2025","adj_xhr",,0,1,0,,"0",0.5,"-0.5"
"Alexander, Blaze","677942","AZ","2025","adj_xhr",,2,0,0,,"0",0.1,"-0.1"
"Trejo, Alan","676701","COL","2025","adj_xhr",,1,1,0,,"0",0.5,"-0.5"
"Pillar, Kevin","607680","TEX","2025","adj_xhr",,1,0,0,,"0",0.1,"-0.1"
"Bride, Jonah","681146","MIN","2025","adj_xhr",,1,0,0,,"0",0.1,"-0.1"
"Young, Jacob","696285","WSH","2025","adj_xhr",,1,0,0,,"0",0.1,"-0.1"
"Baker, Luken","663609","STL","2025","adj_xhr",,1,0,0,,"0",0,"0.0"
"Stallings, Jacob","607732","BAL","2025","adj_xhr",,2,0,0,,"0",0.1,"-0.1"
"Bryant, Kris","592178","COL","2025","adj_xhr",,1,1,0,,"0",0.5,"-0.5"
"Ornelas, Tirso","672359","SD","2025","adj_xhr",,0,1,0,,"0",0.6,"-0.6"
"McCormick, Chas","676801","HOU","2025","adj_xhr",,1,1,0,,"0",0.6,"-0.6"
"Wilson, Will","669717","CLE","2025","adj_xhr",,1,0,0,,"0",0,"0.0"
"Sullivan, Brett","664954","PIT","2025","adj_xhr",,0,1,0,,"0",0.7,"-0.7"
"Verdugo, Alex","657077","ATL","2025","adj_xhr",,4,1,0,,"0",0.7,"-0.7"
"Simon, Ronny","682927","MIA","2025","adj_xhr",,1,0,0,,"0",0,"0.0"
"Joe, Connor","656582","CIN","2025","adj_xhr",,1,0,0,,"0",0,"0.0"
"Rosario, Eddie","592696","ATL","2025","adj_xhr",,1,0,0,,"0",0,"0.0"
"Davidson, Logan","669722","ATH","2025","adj_xhr",,1,0,0,,"0",0,"0.0"
"Robertson, Will","683770","CWS","2025","adj_xhr",,1,0,0,,"0",0,"0.0"
"Lee, Korey","686676","CWS","2025","adj_xhr",,1,0,0,,"0",0,"0.0"
"Pauley, Graham","688363","MIA","2025","adj_xhr",,1,2,0,,"0",0.8,"-0.8"
"Siri, Jose","642350","NYM","2025","adj_xhr",,0,1,0,,"0",0.8,"-0.8"
"Senger, Hayden","663584","NYM","2025","adj_xhr",,1,1,0,,"0",1.1,"-1.1"
"Handley, Maverick","668974","BAL","2025","adj_xhr",,0,2,0,,"0",1.2,"-1.2"
"Duran, Ezequiel","677649","TEX","2025","adj_xhr",,0,2,0,,"0",0.9,"-0.9"
"Sogard, Nick","686765","BOS","2025","adj_xhr",,2,2,0,,"0",1.3,"-1.3"
"Urshela, Gio","570482","ATH","2025","adj_xhr",,1,2,0,,"0",1.3,"-1.3"
"Vierling, Matt","663837","DET","2025","adj_xhr",,2,3,0,,"0",1.4,"-1.4"
"Acuña, Luisangel","682668","NYM","2025","adj_xhr",,2,0,0,,"0",0.2,"-0.2"
"Fernández, Yanquiel","692585","COL","2025","adj_xhr",,1,0,0,,"0",0.2,"-0.2"
"Reyes, Pablo","622569","NYY","2025","adj_xhr",,2,0,0,,"0",0.3,"-0.3"
"Robles, Victor","645302","SEA","2025","adj_xhr",,2,0,0,,"0",0.3,"-0.3"
"Melton, Jacob","689200","HOU","2025","adj_xhr",,0,1,0,,"0",0.3,"-0.3"
"Johnson, Bryce","669369","SD","2025","adj_xhr",,0,1,0,,"0",0.3,"-0.3"
"Renfroe, Hunter","592669","KC","2025","adj_xhr",,1,3,0,,"0",1.7,"-1.7"
"Wong, Connor","657136","BOS","2025","adj_xhr",,1,2,0,,"0",1.3,"-1.3"
"Hampson, Garrett","641658","STL","2025","adj_xhr",,1,1,0,,"0",0.9,"-0.9"
"Gonzalez, Oscar","660757","SD","2025","adj_xhr",,1,0,0,,"0",0,"0.0"
"Tena, José","677588","WSH","2025","adj_xhr",,1,1,0,,"0",0.4,"-0.4"
"Fairchild, Stuart","656413","ATL","2025","adj_xhr",,1,2,0,,"0",1.1,"-1.1"
"Espinal, Santiago","669289","CIN","2025","adj_xhr",,1,1,0,,"0",0.4,"-0.4"
"Villar, David","681584","SF","2025","adj_xhr",,1,0,0,,"0",0.2,"-0.2"
"Gasper, Mickey","681508","MIN","2025","adj_xhr",,1,0,0,,"0",0,"0.0"
"Bruján, Vidal","660644","CHC","2025","adj_xhr",,1,1,0,,"0",0.4,"-0.4"
"Eaton, Nate","681987","BOS","2025","adj_xhr",,1,0,0,,"0",0,"0.0"
"Wagner, Will","695238","TOR","2025","adj_xhr",,1,0,0,,"0",0.2,"-0.2"
"Allen, Nick","669397","ATL","2025","adj_xhr",,1,0,0,,"0",0.2,"-0.2"
"Iglesias, Jose","578428","SD","2025","adj_xhr",,3,0,0,,"0",0.2,"-0.2"