"player_name","player_id","year","xwoba","xba","xslg","xiso","xobp","brl","brl_percent","exit_velocity","max_ev","hard_hit_percent","k_percent","bb_percent","whiff_percent","chase_percent","arm_strength","xera","fb_velocity","fb_spin","curve_spin"
"Beeks, Jalen","656222","2025",73,70,71,67,63,54,30,85,39,80,53,39,74,62,,73,56,21,
"Shugart, Chase","663767","2025",11,29,16,13,18,54,38,87,29,73,2,31,54,8,,11,60,9,
"Minter, A.J.","621345","2025",,,,,,,,,67,,,,,,,,53,94,
"Akin, Keegan","669211","2025",37,58,42,33,34,61,33,28,55,29,57,13,38,69,,37,33,73,
"Harris, Hogan","663687","2025",42,42,75,92,10,83,84,75,39,99,58,3,36,8,,42,29,55,58
"Junis, Jakob","596001","2025",21,8,27,53,12,76,82,82,64,80,18,69,20,22,,21,10,14,
"Bender, Anthony","669622","2025",66,76,71,60,53,69,61,61,11,33,32,21,10,3,,66,85,63,
"Hendriks, Liam","521230","2025",,,,,,,,,57,,,,,,,,61,67,
"Garrett, Reed","657585","2025",66,59,81,91,29,93,93,72,41,36,74,6,83,76,,66,88,57,
"Swanson, Erik","657024","2025",,,,,,,,,77,,,,,,,,27,54,
"Soriano, George","666277","2025",,,,,,,,,21,,,,,,,,68,29,
"Cabrera, Edward","665795","2025",55,52,57,60,48,32,57,38,3,23,69,51,68,67,,55,85,55,60
"Boyd, Matthew","571510","2025",77,63,71,73,84,16,51,79,11,79,57,92,33,69,,77,29,58,16
"Harrison, Kyle","690986","2025",,,,,,,,,52,,,,,,,,64,53,
"Payamps, Joel","606303","2025",,,,,,,,,34,,,,,,,,58,82,
"Murfee, Penn","682171","2025",,,,,,,,,67,,,,,,,,1,43,
"Blackburn, Paul","621112","2025",,,,,,,,,35,,,,,,,,15,1,64
"Castillo, Luis","622491","2025",34,27,31,38,41,2,16,22,9,11,42,68,51,49,,34,65,21,
"Stewart, Brock","592779","2025",98,98,99,95,95,95,91,93,20,92,89,49,93,53,,98,77,97,
"Miller, Mason","695243","2025",90,98,94,72,82,76,11,87,82,37,99,7,99,97,,90,100,97,
"Hancock, Emerson","676106","2025",6,4,13,27,4,30,54,61,34,44,7,35,11,20,,6,56,77,
"Taillon, Jameson","592791","2025",33,36,15,10,76,6,18,72,3,56,29,92,22,56,,33,20,58,51
"Kowar, Jackson","663804","2025",,,,,,,,,77,,,,,,,,88,31,
"Maldonado, Anthony","687424","2025",,,,,,,,,2,,,,,,,,22,67,
"Hanifee, Brenan","669724","2025",55,16,47,73,53,61,81,32,9,18,6,92,1,7,,55,68,7,
"Johnson, Pierce","572955","2025",86,88,74,51,90,76,46,26,41,31,81,71,62,39,,86,67,70,88
"Jobe, Jackson","695549","2025",19,46,26,18,17,46,44,59,39,30,20,5,48,27,,19,80,78,89
"Leasure, Jordan","673929","2025",44,73,57,41,31,50,7,59,11,67,77,3,71,45,,44,80,75,
"Martin, Davis","663436","2025",8,4,9,18,12,16,25,15,11,13,7,77,17,48,,8,32,78,
"Winckowski, Josh","670174","2025",,,,,,,,,54,,,,,,,,58,20,
"Hurter, Brant","676428","2025",63,59,89,96,18,95,99,72,64,77,68,22,51,36,,63,20,16,
"Lawrence, Justin","664875","2025",,,,,,,,,86,,,,,,,,62,76,
"Bednar, David","670280","2025",85,80,69,51,89,69,17,54,61,29,96,73,78,43,,85,88,87,27
"Taylor, Grant","691799","2025",,,,,,,,,67,,,,,,,,98,89,33
"Johnson, Seth","686751","2025",,,,,,,,,58,,,,,,,,90,70,
"Hendricks, Kyle","543294","2025",55,44,40,39,68,14,48,95,41,84,5,83,1,86,,55,1,4,83
"Neris, Héctor","593576","2025",,,,,,,,,38,,,,,,,,19,67,
"Veneziano, Anthony","685107","2025",,,,,,,,,16,,,,,,,,43,61,
"Matthews, Zebby","805673","2025",,,,,,,,,49,,,,,,,,85,70,
"Kolek, Stephen","663568","2025",30,20,46,70,21,46,85,7,39,4,17,64,9,37,,30,40,25,
"Blalock, Bradley","687134","2025",,,,,,,,,41,,,,,,,,58,11,44
"Feltner, Ryan","663372","2025",79,70,81,84,74,95,95,36,37,83,24,38,61,41,,79,35,79,
"Burnes, Corbin","669203","2025",60,67,62,55,50,43,54,49,21,45,60,26,57,86,,60,71,93,82
"Adam, Jason","592094","2025",83,83,87,81,66,61,63,52,59,59,71,21,94,82,,83,53,98,
"King, Bryan","687911","2025",86,70,88,93,84,98,99,82,71,95,76,96,46,76,,86,15,15,
"Beeter, Clayton","690925","2025",,,,,,,,,77,,,,,,,,76,82,
"Ross, Joe","605452","2025",3,3,2,3,8,35,9,65,51,45,15,53,32,38,,3,49,29,
"Alvarado, José","621237","2025",,,,,,,,,62,,,,,,,,99,10,
"Muñoz, Roddery","682610","2025",,,,,,,,,86,,,,,,,,80,67,
"Eflin, Zach","621107","2025",40,25,20,18,73,30,43,49,49,59,10,97,21,80,,40,14,14,36
"Okert, Steven","595345","2025",97,97,92,68,98,76,63,72,57,98,90,78,94,23,,97,20,36,
"Littell, Zack","641793","2025",25,19,11,8,66,1,11,18,13,41,11,99,13,85,,25,14,4,
"Barlow, Scott","605130","2025",66,77,93,96,16,88,88,93,64,98,73,1,79,41,,66,27,83,62
"Hollowell, Gavin","668970","2025",,,,,,,,,82,,,,,,,,53,100,
"Slaten, Justin","686580","2025",,,,,,,,,40,,,,,,,,88,89,77
"Wilson, Justin","458677","2025",,,,,,,,,66,,,,,,,,53,43,
"Mayza, Tim","641835","2025",,,,,,,,,85,,,,,,,,40,16,
"Bigge, Hunter","685801","2025",,,,,,,,,57,,,,,,,,91,75,
"Anderson, Grant","681982","2025",75,72,84,87,60,83,89,62,8,78,73,23,90,49,,75,31,73,
"Rodríguez, Elvin","660730","2025",,,,,,,,,46,,,,,,,,49,90,73
"Gomber, Austin","596295","2025",13,18,3,1,66,35,3,62,63,71,1,96,2,13,,13,3,13,43
"Woods Richardson, Simeon","680573","2025",35,58,32,21,41,19,13,44,8,48,32,23,27,32,,35,32,43,52
"Snider, Collin","676092","2025",,,,,,,,,4,,,,,,,,22,98,
"Rodón, Carlos","607074","2025",78,89,76,57,82,16,47,41,7,42,82,34,88,65,,78,44,63,70
"Woodford, Jake","663765","2025",,,,,,,,,92,,,,,,,,27,17,
"McKenzie, Triston","663474","2025",,,,,,,,,54,,,,,,,,38,70,
"Kremer, Dean","665152","2025",48,38,35,37,65,9,56,77,54,84,32,79,18,69,,48,29,35,76
"Elder, Bryce","693821","2025",5,3,6,15,7,17,33,46,2,13,24,51,21,29,,5,13,10,
"Hoglund, Gunnar","680684","2025",1,1,1,1,6,35,1,1,32,13,11,55,25,27,,1,35,83,
"Miller, Erik","669062","2025",,,,,,,,,63,,,,,,,,90,61,
"Wilson, Bryse","669060","2025",1,1,1,3,1,35,24,9,14,16,1,41,1,64,,1,19,20,28
"Spence, Mitch","687765","2025",7,11,3,4,23,5,2,22,25,39,31,73,62,85,,7,24,76,79
"Alexander, Scott","518397","2025",,,,,,,,,49,,,,,,,,11,28,
"Hall, DL","669084","2025",,,,,,,,,58,,,,,,,,46,32,
"Junk, Janson","676083","2025",46,10,34,64,64,61,85,1,44,4,20,99,6,72,,46,38,51,42
"Brieske, Beau","689225","2025",,,,,,,,,63,,,,,,,,73,94,
"Eovaldi, Nathan","543135","2025",75,64,62,60,84,32,59,54,41,67,82,95,71,69,,75,44,32,2
"Bautista, Félix","642585","2025",93,100,98,84,79,88,44,82,57,41,97,1,97,17,,93,90,79,
"Imanaga, Shota","684007","2025",48,59,22,10,86,22,25,28,35,55,18,90,40,83,,48,8,91,
"Stanek, Ryne","592773","2025",53,69,61,51,45,61,27,22,61,27,63,9,76,59,,53,97,69,
"Beck, Tristan","663941","2025",,,,,,,,,40,,,,,,,,53,9,17
"Castillo, Luis F.","622379","2025",,,,,,,,,73,,,,,,,,15,8,
"Hodge, Porter","687863","2025",,,,,,,,,83,,,,,,,,75,74,
"Reynolds, Sean","669308","2025",,,,,,,,,54,,,,,,,,77,88,
"Crochet, Garrett","676979","2025",86,80,79,73,90,22,70,89,7,78,90,75,76,81,,86,77,89,
"Jarvis, Bryce","686826","2025",,,,,,,,,3,,,,,,,,40,12,
"Stroman, Marcus","573186","2025",7,11,8,11,11,54,15,8,55,9,3,35,8,25,,7,4,54,
"Ashcraft, Graham","668933","2025",66,54,79,90,41,83,85,97,28,83,63,23,77,99,,66,,,
"Lord, Brad","695418","2025",23,6,39,76,11,61,92,75,8,64,33,53,34,16,,23,62,55,
"Holderman, Colin","670059","2025",,,,,,,,,57,,,,,,,,90,48,
"King, Michael","650633","2025",83,90,74,47,90,38,11,80,41,63,85,60,69,27,,83,29,67,
"Holmes, Grant","656550","2025",34,57,45,38,27,9,20,32,8,46,74,13,82,55,,34,53,62,87
"Guerrero, Luis","692285","2025",,,,,,,,,28,,,,,,,,84,27,
"Falter, Bailey","663559","2025",30,28,24,23,41,6,35,22,11,15,7,53,7,8,,30,18,12,1
"Halvorsen, Seth","678020","2025",35,50,34,29,38,54,30,65,26,63,41,15,80,76,,35,100,48,
"Petty, Chase","695534","2025",,,,,,,,,25,,,,,,,,76,39,
"Burns, Chase","695505","2025",,,,,,,,,78,,,,,,,,96,99,
"Enright, Nic","663671","2025",,,,,,,,,54,,,,,,,,32,95,
"Scott, Tanner","656945","2025",51,42,40,39,70,54,38,9,71,26,81,89,73,97,,51,82,96,
"Roupp, Landen","694738","2025",43,40,51,59,36,19,54,72,8,83,42,31,54,59,,43,25,12,95
"Lugo, Seth","607625","2025",25,34,16,11,46,5,22,20,7,13,47,65,25,10,,25,13,75,99
"Estévez, Carlos","608032","2025",46,52,30,22,45,43,13,36,59,67,32,45,4,3,,46,68,22,
"Cannon, Jonathan","686563","2025",16,14,19,25,20,14,27,36,23,16,24,58,16,19,,16,29,30,
"Baz, Shane","669358","2025",60,65,61,55,58,6,29,54,16,50,55,39,50,45,,60,86,89,71
"Kochanowicz, Jack","686799","2025",13,15,31,48,6,19,50,3,4,10,5,15,23,43,,13,73,24,
"Helsley, Ryan","664854","2025",69,61,62,63,58,83,72,5,69,15,76,38,85,94,,69,99,95,
"Singer, Brady","663903","2025",23,28,29,34,22,9,27,18,14,31,40,29,30,12,,23,18,74,
"Zastryzny, Rob","642239","2025",,,,,,,,,45,,,,,,,,19,95,
"Henriquez, Ronny","678692","2025",65,91,45,13,79,40,4,85,31,27,93,27,97,96,,65,82,91,
"Estes, Joey","683155","2025",,,,,,,,,68,,,,,,,,8,59,
"Spiers, Carson","686730","2025",,,,,,,,,61,,,,,,,,18,28,
"Irvin, Jake","663623","2025",10,19,5,5,27,1,4,18,40,7,10,53,4,15,,10,17,60,35
"Valdez, Framber","664285","2025",65,52,72,80,55,22,71,14,14,8,69,51,59,73,,65,49,33,92
"Lodolo, Nick","666157","2025",58,57,43,35,78,9,47,49,10,41,49,96,47,86,,58,38,53,49
"Lawrence, Casey","596271","2025",,,,,,,,,57,,,,,,,,1,10,
"Gipson-Long, Sawyer","687830","2025",,,,,,,,,23,,,,,,,,20,47,
"Roycroft, Chris","688297","2025",,,,,,,,,54,,,,,,,,61,20,
"Horton, Cade","690990","2025",21,23,23,24,27,22,5,38,6,24,18,55,77,68,,21,73,92,50
"Milner, Hoby","571948","2025",80,72,74,71,83,54,57,82,63,85,52,69,6,2,,80,1,2,
"Scherzer, Max","453286","2025",,,,,,,,,38,,,,,,,,35,79,67
"Eder, Jake","671109","2025",,,,,,,,,38,,,,,,,,29,3,
"Woo, Bryan","693433","2025",82,70,62,51,92,5,38,77,1,66,65,95,56,47,,82,68,47,
"Quantrill, Cal","615698","2025",13,12,11,15,28,9,18,32,40,36,28,81,20,59,,13,35,16,39
"Iglesias, Raisel","628452","2025",62,73,29,12,85,46,8,77,45,94,82,82,89,88,,62,56,61,
"Gausman, Kevin","592332","2025",53,52,41,35,64,13,42,57,4,57,58,62,59,76,,53,52,46,
"Adams, Travis","701519","2025",,,,,,,,,78,,,,,,,,49,64,
"Parker, Mitchell","680730","2025",6,5,8,17,9,3,37,3,17,3,4,41,14,69,,6,27,23,9
"Megill, Tylor","656731","2025",57,77,79,76,36,54,78,26,11,26,87,15,84,53,,57,62,46,39
"Hernández, Daysbel","678226","2025",,,,,,,,,59,,,,,,,,95,59,
"VanWey, Logan","701121","2025",,,,,,,,,94,,,,,,,,27,52,
"Richards, Trevor","670950","2025",,,,,,,,,84,,,,,,,,12,40,
"Gore, MacKenzie","669022","2025",62,65,62,57,61,14,35,52,25,47,87,39,87,78,,62,67,47,18
"Walter, Brandon","687888","2025",78,54,54,51,92,54,69,96,38,69,67,100,47,93,,78,14,19,
"Knack, Landon","689017","2025",1,8,3,2,4,32,1,5,1,3,36,20,19,6,,1,29,81,88
"Williams, Trevor","592866","2025",32,12,31,55,39,22,48,36,6,52,17,88,13,30,,32,1,24,
"Miller, Shelby","571946","2025",77,69,71,69,68,88,75,77,21,71,84,58,85,97,,77,65,89,
"Martinez, Justin","679885","2025",,,,,,,,,93,,,,,,,,99,22,
"Varland, Louis","686973","2025",65,42,59,69,61,50,33,61,35,55,68,78,59,82,,65,95,17,21
"Cano, Yennier","666974","2025",80,66,85,92,70,93,92,62,82,82,65,55,46,84,,80,68,10,
"Bummer, Aaron","607481","2025",49,23,65,89,14,93,95,28,6,42,54,42,43,74,,49,11,26,20
"Leiter Jr., Mark","643410","2025",66,48,73,84,55,93,91,97,59,98,86,60,83,52,,66,43,5,11
"Dollander, Chase","801403","2025",6,16,8,8,8,13,3,57,44,48,14,17,25,8,,6,92,84,79
"Kelly, Michael","547184","2025",,,,,,,,,89,,,,,,,,77,79,
"Wilson, Steven","621051","2025",13,14,31,50,2,88,81,22,10,59,39,8,62,7,,13,35,92,
"Pfaadt, Brandon","694297","2025",2,2,2,2,11,1,3,3,11,5,33,92,26,65,,2,33,94,75
"Matsui, Yuki","673513","2025",30,52,27,18,27,54,20,12,17,39,65,5,86,80,,30,19,84,
"García, Yimi","554340","2025",,,,,,,,,38,,,,,,,,75,96,85
"Bibee, Tanner","676440","2025",65,63,55,48,71,16,59,69,16,69,38,73,50,11,,65,52,39,68
"Holton, Tyler","663947","2025",72,38,45,49,87,50,57,90,63,75,46,99,38,79,,72,13,32,
"Thompson, Ryan","657044","2025",53,52,44,38,53,61,20,15,21,37,44,42,51,98,,53,6,5,
"Glasnow, Tyler","607192","2025",69,83,73,57,61,76,28,54,39,81,93,13,76,2,,69,76,94,84
"O'Brien, Riley","676617","2025",,,,,,,,,91,,,,,,,,96,28,26
"DeSclafani, Anthony","543101","2025",,,,,,,,,33,,,,,,,,49,42,16
"Anderson, Tyler","542881","2025",27,38,21,14,38,5,33,87,6,88,21,32,55,59,,27,2,25,
"Lynch IV, Daniel","663738","2025",21,40,44,45,7,61,56,68,6,37,8,7,32,29,,21,44,28,10
"Cruz, Fernando","518585","2025",94,98,96,84,89,93,51,91,23,48,100,17,100,76,,94,33,21,
"Fulmer, Carson","608334","2025",,,,,,,,,80,,,,,,,,22,55,
"Murphy, Chris","669684","2025",,,,,,,,,78,,,,,,,,46,67,42
"Young, Brandon","687064","2025",21,35,20,15,34,54,13,36,18,7,33,25,30,30,,21,40,30,72
"Rodriguez, Eduardo","593958","2025",32,32,26,27,43,22,44,72,41,89,55,55,51,61,,32,15,54,
"Lara, Andry","691251","2025",,,,,,,,,66,,,,,,,,44,15,
"Vásquez, Randy","681190","2025",3,12,4,5,5,2,13,59,1,59,1,14,1,13,,3,27,65,96
"Peralta, Freddy","642547","2025",69,78,68,51,71,13,38,75,1,84,76,45,76,48,,69,62,89,20
"Rea, Colin","607067","2025",18,12,15,23,29,3,22,28,7,39,15,79,16,37,,18,38,27,8
"Alcala, Jorge","660896","2025",51,68,60,50,41,61,38,87,45,92,68,9,46,47,,51,88,78,53
"Suárez, Ranger","624133","2025",79,65,80,87,78,43,86,99,54,99,53,65,27,83,,79,9,2,4
"Ferguson, Caleb","657571","2025",85,80,95,98,58,95,97,100,35,100,30,49,8,68,,85,44,58,
"Dubin, Shawn","681869","2025",,,,,,,,,87,,,,,,,,53,58,66
"Sheehan, Emmet","686218","2025",,,,,,,,,85,,,,,,,,73,85,
"Robert, Daniel","642016","2025",,,,,,,,,91,,,,,,,,77,85,
"Pérez, Cionel","672335","2025",,,,,,,,,73,,,,,,,,71,11,
"Alexander, Jason","669920","2025",,,,,,,,,21,,,,,,,,11,8,
"Pepiot, Ryan","686752","2025",44,59,39,31,61,3,24,28,9,33,63,57,56,65,,44,62,82,89
"Cantillo, Joey","676282","2025",49,59,62,64,34,61,47,28,52,12,88,8,86,1,,49,14,1,65
"Weaver, Luke","596133","2025",82,96,52,12,96,61,22,38,11,68,73,64,75,76,,82,58,87,
"Lee, Dylan","669276","2025",90,92,73,42,96,50,16,90,27,91,85,78,93,89,,90,43,68,
"Kahnle, Tommy","592454","2025",34,47,33,29,43,61,44,85,58,83,39,34,38,23,,34,37,27,
"Phillips, Tyler","663969","2025",53,34,54,69,50,69,85,69,23,75,4,64,46,96,,53,62,11,44
"Baker, Bryan","641329","2025",26,48,7,1,76,38,1,18,55,6,94,77,81,58,,26,85,58,
"Cabrera, Génesis","650893","2025",,,,,,,,,35,,,,,,,,76,65,22
"Mlodzinski, Carmen","669387","2025",17,5,19,37,22,38,60,9,18,30,18,81,23,20,,17,71,14,
"Buehler, Walker","621111","2025",11,14,24,33,8,19,35,82,24,69,18,33,10,43,,11,44,35,31
"Paddack, Chris","663978","2025",23,16,16,20,45,9,48,38,27,27,18,87,21,85,,23,40,38,4
"Sears, JP","676664","2025",46,57,25,14,79,9,38,44,23,52,35,83,21,14,,46,17,4,
"Sasaki, Roki","808963","2025",1,25,5,3,1,54,18,22,25,18,5,1,16,1,,1,77,9,
"Myers, Tobias","668964","2025",,,,,,,,,62,,,,,,,,27,44,
"Boushley, Caleb","676961","2025",11,4,11,22,23,50,6,12,67,1,50,83,25,10,,11,18,52,
"Mize, Casey","663554","2025",71,55,50,45,82,16,33,32,15,37,40,82,38,50,,71,56,29,
"Williams, Devin","642207","2025",73,89,87,78,61,76,42,46,18,87,93,31,97,96,,73,43,76,
"Schreiber, John","670167","2025",51,48,46,44,55,54,30,75,26,76,66,51,34,47,,51,38,42,
"Festa, Matt","670036","2025",,,,,,,,,85,,,,,,,,17,94,
"Hernández, Carlos","672578","2025",4,6,6,11,2,40,4,20,13,47,38,15,66,53,,4,94,83,15
"Bachar, Lake","669199","2025",71,87,73,51,53,69,57,28,47,53,75,10,80,62,,71,49,100,
"Estrada, Jeremiah","669093","2025",93,94,92,80,89,76,63,32,29,71,94,44,91,96,,93,95,34,
"Jackson, Luke","592426","2025",19,29,26,30,6,76,63,3,14,6,7,5,28,23,,19,49,63,25
"Altavilla, Dan","656186","2025",,,,,,,,,24,,,,,,,,80,61,
"Morton, Charlie","450203","2025",30,40,45,47,18,25,51,15,12,42,52,22,64,41,,30,46,53,98
"Jax, Griffin","643377","2025",83,63,81,89,79,61,35,62,52,22,98,73,98,100,,83,87,88,
"Smith-Shawver, AJ","700363","2025",1,1,4,14,1,38,4,6,5,1,47,20,65,71,,1,71,11,12
"Freeland, Kyle","607536","2025",10,2,8,22,20,3,32,12,8,10,11,83,20,69,,10,14,77,26
"Bachman, Sam","696147","2025",,,,,,,,,80,,,,,,,,92,68,
"Perkins, Jack","678022","2025",,,,,,,,,86,,,,,,,,80,46,
"deGrom, Jacob","594798","2025",86,75,75,70,91,26,69,46,32,56,80,89,85,87,,86,91,95,73
"Dodd, Dylan","689266","2025",,,,,,,,,33,,,,,,,,40,25,
"Suarez, José","660761","2025",,,,,,,,,80,,,,,,,,29,76,
"Bido, Osvaldo","674370","2025",8,22,11,8,12,32,27,32,11,54,4,27,36,19,,8,49,77,
"Murdock, Noah","668716","2025",,,,,,,,,88,,,,,,,,58,12,
"Williams, Gavin","668909","2025",30,55,46,41,20,19,42,41,10,52,59,3,73,33,,30,84,51,32
"Scott, Tayler","605463","2025",,,,,,,,,20,,,,,,,,15,10,
"Long, Sam","669674","2025",,,,,,,,,79,,,,,,,,29,50,
"Simpson, Josh","681006","2025",,,,,,,,,64,,,,,,,,40,70,45
"Skenes, Paul","694973","2025",96,91,95,94,95,40,93,85,34,56,83,79,81,64,,96,96,36,30
"Sabrowski, Erik","681870","2025",,,,,,,,,80,,,,,,,,38,99,
"Domínguez, Seranthony","622554","2025",75,87,92,91,41,83,66,89,13,82,92,2,95,78,,75,94,69,
"Skubal, Tarik","669373","2025",97,89,90,86,99,32,78,98,15,92,96,99,93,95,,97,91,52,
"Selby, Colin","681882","2025",,,,,,,,,58,,,,,,,,75,36,
"Flexen, Chris","623167","2025",19,12,17,25,32,54,54,20,68,61,1,69,1,32,,19,22,42,63
"Richardson, Lyon","680689","2025",30,20,56,81,5,88,86,52,6,13,15,9,26,1,,30,67,63,45
"Garcia, Robert","676395","2025",66,57,68,73,53,76,63,71,61,97,77,28,86,84,,66,49,43,
"Graveman, Kendall","608665","2025",,,,,,,,,45,,,,,,,,56,39,
"Burrows, Mike","681347","2025",48,54,48,42,45,40,24,54,25,31,59,38,58,12,,48,65,56,86
"Martinez, Nick","607259","2025",41,23,35,46,55,14,66,65,46,85,16,83,13,11,,41,22,62,55
"Ryan, Joe","657746","2025",83,89,66,36,94,6,15,38,8,56,87,93,68,22,,83,33,41,
"Severino, Luis","622663","2025",26,13,35,60,17,22,83,75,33,31,13,65,2,39,,26,76,31,
"Montas, Frankie","593423","2025",,,,,,,,,37,,,,,,,,68,59,
"Lorenzen, Michael","547179","2025",39,38,27,25,61,17,48,52,52,54,34,73,32,56,,39,43,50,42
"Criswell, Cooper","681867","2025",,,,,,,,,59,,,,,,,,3,8,
"Graceffo, Gordon","700669","2025",,,,,,,,,11,,,,,,,,68,9,62
"Johnson, Ryan","696270","2025",,,,,,,,,88,,,,,,,,49,24,
"Zerpa, Angel","672582","2025",44,47,48,47,46,54,35,22,48,24,50,51,1,36,,44,82,7,
"Englert, Mason","669438","2025",,,,,,,,,17,,,,,,,,32,43,
"Senga, Kodai","673540","2025",73,78,83,80,58,43,76,71,11,59,63,13,74,61,,73,38,71,
"Hoeing, Bryan","663773","2025",,,,,,,,,89,,,,,,,,24,1,
"Corbin, Patrick","571578","2025",35,20,35,50,41,22,63,69,26,75,34,75,56,67,,35,11,10,
"Whitlock, Garrett","676477","2025",83,89,89,80,74,46,11,68,1,83,91,29,89,79,,83,76,25,
"Snell, Blake","605483","2025",,,,,,,,,67,,,,,,,,60,86,
"Olson, Reese","681857","2025",49,44,59,70,32,43,66,5,29,20,52,39,80,74,,49,52,36,31
"Fuentes, Didier","800311","2025",,,,,,,,,35,,,,,,,,77,29,
"Steele, Justin","657006","2025",,,,,,,,,41,,,,,,,,9,71,
"Booser, Cam","592155","2025",,,,,,,,,63,,,,,,,,75,19,
"Cease, Dylan","656302","2025",70,75,60,45,75,9,24,54,27,42,88,42,94,86,,70,88,96,71
"Strickland, Hunter","519326","2025",,,,,,,,,57,,,,,,,,33,37,
"Latz, Jacob","656641","2025",53,55,57,57,40,54,61,36,67,29,57,14,87,58,,53,49,53,
"Kirby, George","669923","2025",58,31,47,60,64,43,51,26,23,24,61,90,42,91,,58,76,39,19
"Gallen, Zac","668678","2025",13,25,9,6,29,1,7,8,38,8,48,39,58,49,,13,32,63,28
"Yamamoto, Yoshinobu","808967","2025",90,85,91,92,85,35,80,46,2,50,85,44,64,59,,90,64,25,73
"Núñez, Dedniel","673380","2025",,,,,,,,,37,,,,,,,,80,70,
"Gervase, Paul","801434","2025",,,,,,,,,84,,,,,,,,38,21,
"Pérez, Martín","527048","2025",,,,,,,,,54,,,,,,,,2,4,
"Lee, Chase","695445","2025",19,18,6,6,43,50,3,28,18,66,70,82,24,2,,19,2,85,
"Herget, Jimmy","623474","2025",58,48,64,71,48,54,75,44,64,62,26,55,54,19,,58,19,86,95
"Joyce, Ben","690829","2025",,,,,,,,,84,,,,,,,,96,17,
"Peguero, Elvis","665625","2025",,,,,,,,,74,,,,,,,,62,1,
"Keller, Brad","641745","2025",82,80,89,90,71,76,75,97,78,97,61,58,51,80,,82,88,66,
"Leiter, Jack","683004","2025",13,29,18,15,14,13,10,9,41,22,37,10,37,20,,13,88,77,55
"Smith, Shane","681343","2025",33,45,55,63,18,35,73,28,5,12,45,26,61,16,,33,67,51,15
"Sauer, Matt","669422","2025",,,,,,,,,59,,,,,,,,49,18,
"Green, Chad","643338","2025",5,18,1,1,27,27,1,4,48,2,24,65,38,52,,5,65,91,
"Bowman, Matt","621199","2025",,,,,,,,,61,,,,,,,,10,8,
"Houser, Adrian","605288","2025",46,14,61,93,27,61,92,26,28,15,15,53,4,53,,46,52,30,2
"Henry, Cole","669371","2025",17,61,38,27,6,61,32,62,64,73,42,17,63,1,,17,56,92,56
"Aldegheri, Sam","691951","2025",,,,,,,,,82,,,,,,,,11,81,
"Fried, Max","608331","2025",70,52,65,71,72,22,76,87,32,74,50,83,43,32,,70,56,24,91
"Nicolas, Kyle","693312","2025",,,,,,,,,86,,,,,,,,88,65,69
"Márquez, Germán","608566","2025",11,6,15,30,12,9,43,9,29,7,8,58,12,42,,11,61,27,67
"De Los Santos, Enyel","660853","2025",66,61,70,72,51,69,66,93,46,77,45,35,68,50,,66,82,48,
"McGreevy, Michael","700241","2025",,,,,,,,,61,,,,,,,,22,36,
"Dunning, Dane","641540","2025",,,,,,,,,18,,,,,,,,5,12,
"Cortes, Nestor","641482","2025",,,,,,,,,10,,,,,,,,6,38,
"Allen, Logan","671106","2025",29,36,27,25,36,6,27,75,20,82,20,35,14,7,,29,7,22,
"Chapman, Aroldis","547973","2025",99,98,96,83,100,83,47,59,74,45,100,76,98,90,,99,98,88,
"Chavez, Jesse","445926","2025",,,,,,,,,46,,,,,,,,3,3,
"Ruiz, José","614179","2025",,,,,,,,,59,,,,,,,,68,49,6
"Jansen, Kenley","445276","2025",29,54,8,1,73,54,19,1,1,3,54,68,45,26,,29,31,65,
"Moll, Sam","594580","2025",,,,,,,,,77,,,,,,,,11,85,
"Schlittler, Cam","693645","2025",,,,,,,,,83,,,,,,,,93,88,
"Svanson, Matt","694335","2025",,,,,,,,,16,,,,,,,,85,39,
"Brazobán, Huascar","623211","2025",53,85,83,71,32,50,35,77,45,77,66,8,66,80,,53,84,38,
"Berríos, José","621244","2025",25,33,23,18,34,1,14,26,1,39,39,45,32,55,,25,22,8,
"Speier, Gabe","642100","2025",96,93,91,81,97,69,28,32,33,66,95,83,86,98,,96,56,22,
"Seymour, Carson","693313","2025",,,,,,,,,52,,,,,,,,73,43,
"Tidwell, Blade","694918","2025",,,,,,,,,86,,,,,,,,68,30,
"Uceta, Edwin","670955","2025",15,40,16,9,23,43,7,14,20,31,91,29,92,92,,15,43,82,
"Verlander, Justin","434378","2025",17,18,18,20,21,17,29,57,37,64,25,39,46,43,,17,44,85,73
"Pérez, Eury","691587","2025",94,95,91,76,94,88,82,49,52,48,76,45,63,67,,94,95,100,81
"Harrington, Thomas","802419","2025",,,,,,,,,41,,,,,,,,15,7,
"Ober, Bailey","641927","2025",28,29,13,10,63,3,15,46,4,47,23,90,43,92,,28,7,46,3
"Sánchez, Cristopher","650911","2025",90,78,90,94,86,35,89,54,31,56,79,78,81,78,,90,67,19,
"Gonsolin, Tony","664062","2025",8,46,9,3,14,54,12,8,26,17,63,9,82,13,,8,35,37,76
"Gordon, Tanner","685299","2025",,,,,,,,,29,,,,,,,,14,31,
"Thompson, Mason","666168","2025",,,,,,,,,81,,,,,,,,53,22,
"Quintana, Jose","500779","2025",24,25,32,40,22,27,43,62,34,50,10,29,4,29,,24,6,9,6
"Montero, Keider","672456","2025",24,25,22,20,36,30,48,69,44,74,13,55,9,53,,24,40,32,90
"Gómez, Yoendrys","672782","2025",,,,,,,,,38,,,,,,,,32,86,56
"Turnbull, Spencer","605513","2025",,,,,,,,,76,,,,,,,,10,90,
"Rogers, Taylor","573124","2025",53,75,59,44,33,69,20,52,66,55,65,4,47,6,,53,27,26,
"Lazar, Max","676661","2025",,,,,,,,,34,,,,,,,,49,90,29
"Pivetta, Nick","601713","2025",58,66,37,23,82,3,16,49,7,35,81,76,57,53,,58,40,60,79
"Walker, Ryan","676254","2025",82,74,83,84,78,88,89,93,32,86,58,82,19,26,,82,76,72,
"McDermott, Chayce","694646","2025",,,,,,,,,66,,,,,,,,29,31,
"Mears, Nick","683232","2025",48,31,32,36,71,76,68,22,35,27,49,90,42,94,,48,65,47,
"Bruihl, Justin","677865","2025",,,,,,,,,87,,,,,,,,7,23,
"Yarbrough, Ryan","642232","2025",58,44,58,67,56,76,91,96,27,93,46,62,68,11,,58,1,1,
"Enns, Dietrich","608650","2025",,,,,,,,,87,,,,,,,,29,18,
"Coulombe, Danny","543056","2025",,,,,,,,,78,,,,,,,,6,72,
"García, Luis","472610","2025",17,10,23,36,5,69,44,1,41,1,33,10,30,38,,17,85,22,
"Arrighetti, Spencer","681293","2025",,,,,,,,,90,,,,,,,,38,47,
"Shuster, Jared","694363","2025",,,,,,,,,54,,,,,,,,22,24,
"Miley, Wade","489119","2025",,,,,,,,,70,,,,,,,,14,50,
"Molina, Anthony","683627","2025",,,,,,,,,48,,,,,,,,71,14,
"Santana, Dennis","642701","2025",86,74,67,55,94,69,63,82,71,91,42,89,61,99,,86,58,86,
"Koenig, Jared","657649","2025",92,88,87,78,91,83,86,65,27,87,50,65,25,11,,92,68,70,46
"Kelly, Kevin","687330","2025",,,,,,,,,13,,,,,,,,9,27,
"Yates, Kirby","489446","2025",57,79,48,27,66,69,6,65,74,8,94,25,97,79,,57,29,64,
"Kershaw, Clayton","477132","2025",35,19,40,62,33,69,89,36,29,16,9,71,48,23,,35,2,59,9
"Treinen, Blake","595014","2025",,,,,,,,,80,,,,,,,,68,65,
"Keller, Mitch","656605","2025",53,28,50,67,57,17,75,32,15,36,25,83,10,27,,53,38,83,58
"Ashby, Aaron","676879","2025",,,,,,,,,75,,,,,,,,90,26,75
"Chivilli, Angel","683409","2025",12,14,19,25,10,54,32,59,28,61,10,23,75,32,,12,87,54,
"Borucki, Ryan","621366","2025",,,,,,,,,51,,,,,,,,38,52,
"Hagenman, Justin","663795","2025",,,,,,,,,61,,,,,,,,27,34,
"Sims, Lucas","608371","2025",,,,,,,,,59,,,,,,,,61,94,
"Wolfram, Grant","664991","2025",,,,,,,,,72,,,,,,,,73,48,
"Weissert, Greg","669711","2025",51,55,51,46,50,83,89,44,33,47,28,41,34,18,,51,44,49,
"Merryweather, Julian","657240","2025",,,,,,,,,15,,,,,,,,77,31,
"Weathers, Ryan","677960","2025",,,,,,,,,20,,,,,,,,88,72,
"Gilbert, Logan","669302","2025",94,92,81,57,97,40,29,28,29,57,98,88,96,87,,94,67,19,5
"Clarke, Taylor","664199","2025",,,,,,,,,32,,,,,,,,60,58,
"Seabold, Connor","657756","2025",,,,,,,,,76,,,,,,,,18,29,
"Kopech, Michael","656629","2025",,,,,,,,,90,,,,,,,,93,98,
"Brogdon, Connor","641401","2025",,,,,,,,,31,,,,,,,,68,44,
"Alexander, Tyler","641302","2025",28,11,29,54,25,54,86,75,14,71,30,64,34,71,,28,7,20,
"Canning, Griffin","656288","2025",25,32,28,32,26,27,33,8,17,13,44,21,56,33,,25,46,19,40
"Hamilton, Ian","641656","2025",46,75,56,39,31,61,22,32,9,80,75,4,68,85,,46,61,30,
"Salazar, Eduardo","674285","2025",3,3,10,20,1,61,38,46,57,21,5,10,17,23,,3,58,7,
"Palmquist, Carson","687223","2025",1,17,1,1,2,38,1,57,54,63,4,7,7,4,,1,6,20,
"Gordon, Colton","676467","2025",37,15,25,36,55,30,20,54,20,64,27,97,3,41,,37,11,7,61
"Gray, Sonny","543243","2025",48,22,33,44,70,6,32,65,14,66,79,98,64,89,,48,17,87,51
"Otañez, Michel","671305","2025",,,,,,,,,62,,,,,,,,88,65,
"Martin, Chris","455119","2025",62,21,31,41,73,69,37,46,41,50,74,97,26,95,,62,58,33,
"Wicks, Jordan","696136","2025",,,,,,,,,73,,,,,,,,52,63,
"López, Pablo","641154","2025",75,63,66,68,81,61,83,80,4,92,68,87,60,89,,75,52,17,57
"Leahy, Kyle","681517","2025",35,35,42,46,40,35,14,61,9,23,44,44,41,61,,35,65,71,24
"Darrell-Hicks, Michael","690382","2025",,,,,,,,,52,,,,,,,,52,50,
"Brash, Matt","666374","2025",,,,,,,,,55,,,,,,,,84,46,
"Little, Brendon","663893","2025",96,98,99,97,70,83,70,49,33,12,97,1,100,92,,96,35,6,1
"Loutos, Ryan","702795","2025",,,,,,,,,37,,,,,,,,65,1,
"Giolito, Lucas","608337","2025",5,6,3,4,22,19,19,9,26,18,42,69,34,61,,5,37,37,
"Brasier, Ryan","518489","2025",,,,,,,,,34,,,,,,,,40,44,
"Petersen, Michael","656848","2025",,,,,,,,,44,,,,,,,,88,65,
"Jacob, Alek","689690","2025",,,,,,,,,51,,,,,,,,1,59,
"Strahm, Matt","621381","2025",90,87,77,62,91,88,86,32,57,22,84,60,38,98,,90,20,92,
"Ureña, José","570632","2025",,,,,,,,,31,,,,,,,,82,12,
"Mattson, Isaac","676755","2025",,,,,,,,,34,,,,,,,,46,73,
"Suter, Brent","608718","2025",68,54,55,54,75,54,68,99,57,94,16,76,22,20,,68,1,32,
"Webb, Jacob","657097","2025",83,75,77,75,83,88,95,96,11,88,21,65,54,50,,83,33,90,
"Arias, Luarbert","678215","2025",,,,,,,,,24,,,,,,,,37,55,
"Newcomb, Sean","656794","2025",42,27,56,78,26,46,78,38,24,27,48,45,18,33,,42,25,63,87
"Fairbanks, Pete","664126","2025",86,70,94,97,68,98,99,20,71,37,36,29,38,26,,86,91,88,
"Burke, Sean","680732","2025",9,29,11,6,16,5,18,65,24,42,29,18,41,22,,9,46,96,48
"Winans, Allan","642216","2025",,,,,,,,,64,,,,,,,,4,21,
"Bellozo, Valente","678368","2025",50,59,35,25,68,46,59,62,31,81,12,68,17,15,,50,9,18,
"Curtiss, John","595928","2025",,,,,,,,,79,,,,,,,,46,58,
"Ramírez, Yohan","670990","2025",,,,,,,,,94,,,,,,,,84,62,
"Fisher, Braydon","680755","2025",,,,,,,,,64,,,,,,,,73,51,32
"Hoffman, Jeff","656546","2025",60,77,27,7,89,40,1,20,8,27,96,79,90,100,,60,87,97,
"Thornton, Trent","663423","2025",13,13,21,32,9,69,63,28,46,23,17,45,14,56,,13,49,88,97
"Trivino, Lou","642152","2025",9,20,14,14,14,50,28,92,24,94,16,58,43,10,,9,61,6,
"Díaz, Alexis","664747","2025",,,,,,,,,58,,,,,,,,27,99,
"Gilbert, Tyler","656457","2025",,,,,,,,,37,,,,,,,,6,25,
"Vasil, Mike","678024","2025",32,61,57,53,9,40,51,62,49,56,17,5,34,6,,32,49,37,50
"Manaea, Sean","640455","2025",,,,,,,,,18,,,,,,,,13,5,
"Pressly, Ryan","519151","2025",21,9,43,77,8,83,85,15,9,4,5,35,4,5,,21,33,95,100
"Abel, Mick","690953","2025",,,,,,,,,59,,,,,,,,77,96,63
"Smith, Cade","671922","2025",95,91,97,97,84,95,96,41,69,50,96,34,96,65,,95,82,61,
"Gibson, Kyle","502043","2025",,,,,,,,,78,,,,,,,,10,13,
"Rasmussen, Drew","656876","2025",63,38,60,73,61,40,85,14,7,16,48,81,24,52,,63,71,90,78
"Brown, Ben","676962","2025",20,27,14,12,41,9,8,1,23,10,71,69,67,56,,20,75,32,13
"Bradley, Taj","671737","2025",58,58,65,68,48,30,81,57,26,64,36,32,27,29,,58,80,56,54
"Ray, Robbie","592662","2025",76,86,75,55,80,16,47,12,12,24,77,26,71,55,,76,37,75,7
"Miller, Bryce","682243","2025",12,8,35,66,3,61,76,9,3,22,21,18,30,13,,12,52,92,18
"Montgomery, Mason","682254","2025",29,54,47,41,16,76,30,41,55,59,85,3,95,91,,29,97,62,
"Patrick, Chad","694477","2025",42,36,39,42,46,27,60,32,2,24,60,62,29,56,,42,43,44,
"Leclerc, José","600917","2025",,,,,,,,,55,,,,,,,,46,91,
"Poche, Colin","621363","2025",,,,,,,,,61,,,,,,,,19,37,
"McGee, Easton","668834","2025",,,,,,,,,81,,,,,,,,38,89,
"Chafin, Andrew","605177","2025",,,,,,,,,66,,,,,,,,5,8,
"Woodruff, Brandon","605540","2025",,,,,,,,,73,,,,,,,,25,57,
"Dreyer, Jack","676263","2025",97,95,98,97,92,95,99,28,67,70,61,28,59,36,,97,22,76,47
"Luzardo, Jesús","666200","2025",57,42,65,76,45,27,73,52,38,55,83,39,83,75,,57,82,37,
"Abbott, Andrew","671096","2025",77,69,66,60,86,27,63,80,49,92,49,79,41,76,,77,22,45,78
"Zeferjahn, Ryan","666171","2025",43,81,50,25,31,61,25,38,10,41,81,2,80,3,,43,93,26,
"Pallante, Andre","669467","2025",34,16,38,62,31,19,72,49,1,37,5,60,36,33,,34,53,50,82
"Hjelle, Sean","663546","2025",,,,,,,,,59,,,,,,,,35,54,3
"Sewald, Paul","623149","2025",,,,,,,,,77,,,,,,,,6,93,
"Wentz, Joey","666214","2025",41,47,47,45,28,43,25,7,46,16,37,12,42,68,,41,44,69,46
"Winn, Cole","668390","2025",,,,,,,,,49,,,,,,,,68,81,
"Detmers, Reid","672282","2025",79,69,85,90,56,69,61,38,1,45,87,28,89,87,,79,71,20,34
"Banks, Tanner","621383","2025",73,42,53,60,87,61,54,90,34,71,79,98,43,67,,73,22,17,
"Kikuchi, Yusei","579328","2025",33,46,33,30,36,3,24,6,35,35,62,23,48,30,,33,60,27,37
"Finnegan, Kyle","640448","2025",63,55,68,75,50,61,42,41,51,62,29,35,24,25,,63,80,35,
"Soriano, José","667755","2025",43,38,68,83,23,14,61,6,29,5,34,15,66,45,,43,90,2,37
"Gillispie, Connor","687362","2025",,,,,,,,,10,,,,,,,,11,68,
"Bubic, Kris","663460","2025",83,72,87,92,79,27,73,85,14,62,69,60,78,92,,83,19,79,
"Sulser, Cole","642121","2025",,,,,,,,,21,,,,,,,,25,74,
"Misiorowski, Jacob","694819","2025",,,,,,,,,70,,,,,,,,99,98,41
"McDaniels, Garrett","680729","2025",,,,,,,,,68,,,,,,,,19,46,
"Vodnik, Victor","680767","2025",,,,,,,,,29,,,,,,,,97,65,
"Cameron, Noah","702070","2025",80,75,69,59,86,50,86,69,1,59,46,65,65,26,,80,20,49,22
"Gibaut, Ian","664139","2025",,,,,,,,,78,,,,,,,,44,16,
"Mikolas, Miles","571945","2025",15,16,4,4,51,1,7,59,17,34,8,90,3,17,,15,20,26,49
"Wacha, Michael","608379","2025",43,32,41,49,48,22,72,92,55,93,21,68,36,41,,43,32,17,12
"Sterner, Justin","686993","2025",62,83,66,41,53,69,38,9,34,70,55,22,76,55,,62,33,75,
"Ferrer, Jose A.","678606","2025",70,32,80,97,50,93,98,77,31,71,31,93,34,45,,70,91,12,
"Young, Danny","664849","2025",,,,,,,,,73,,,,,,,,27,73,
"Burdi, Nick","595897","2025",,,,,,,,,80,,,,,,,,44,16,
"Hart, Kyle","606996","2025",41,42,24,17,76,76,61,61,41,57,6,92,7,38,,41,8,18,
"Taylor, Troy","700187","2025",,,,,,,,,86,,,,,,,,82,73,
"Fitts, Richard","690916","2025",13,25,11,7,39,46,10,46,37,20,34,79,43,94,,13,71,83,38
"Romero, JoJo","668941","2025",92,94,93,88,76,88,75,59,16,67,62,18,70,30,,92,43,28,
"Francis, Bowden","670102","2025",3,6,4,9,4,19,5,5,25,1,26,31,37,8,,3,22,42,7
"Ginkel, Kevin","656464","2025",,,,,,,,,5,,,,,,,,61,82,
"Yoho, Craig","684974","2025",,,,,,,,,29,,,,,,,,24,58,
"Wesneski, Hayden","669713","2025",30,34,14,9,73,61,18,44,45,39,48,96,36,25,,30,35,38,
"Ashcraft, Braxton","677952","2025",,,,,,,,,45,,,,,,,,85,78,77
"Flaherty, Jack","656427","2025",40,64,35,24,51,9,10,32,17,20,89,26,75,49,,40,25,35,19
"Santillan, Tony","663574","2025",37,29,42,51,32,76,80,3,18,21,49,48,62,21,,37,82,71,
"Morgan, David","688158","2025",,,,,,,,,27,,,,,,,,92,74,48
"Castillo, José","620454","2025",,,,,,,,,41,,,,,,,,25,5,
"Pomeranz, Drew","519141","2025",,,,,,,,,45,,,,,,,,24,99,14
"Castro, Miguel","612434","2025",,,,,,,,,83,,,,,,,,64,41,
"Banda, Anthony","607455","2025",44,65,53,42,29,46,25,26,33,64,36,10,54,59,,44,73,15,
"Mantiply, Joe","573009","2025",,,,,,,,,51,,,,,,,,2,33,37
"Civale, Aaron","650644","2025",29,48,20,10,46,30,17,69,25,61,10,35,15,14,,29,17,69,98
"Matz, Steven","571927","2025",83,65,61,57,92,76,91,52,52,33,41,97,14,38,,83,49,41,13
"Hill, Tim","657612","2025",73,47,66,77,74,50,51,32,15,8,3,77,1,94,,73,2,7,
"Doval, Camilo","666808","2025",58,68,83,88,25,83,80,71,49,45,67,3,67,53,,58,,,
"Rogers, Trevor","669432","2025",78,70,76,77,79,88,88,18,21,1,47,62,40,18,,78,32,78,
"Webb, Logan","657277","2025",63,31,55,72,66,13,63,41,3,54,73,90,45,62,,63,25,3,
"Wheeler, Zack","554430","2025",97,95,94,87,99,27,70,89,16,89,95,90,87,80,,97,77,85,81
"Greene, Hunter","668881","2025",87,90,68,38,96,40,24,28,70,35,91,82,82,91,,87,99,87,
"Ortiz, Luis L.","682847","2025",21,36,24,20,25,19,20,3,12,6,71,13,74,18,,21,77,51,
"Garcia, Rico","670329","2025",,,,,,,,,88,,,,,,,,64,93,
"Soto, Gregory","642397","2025",75,83,93,94,38,95,94,41,58,50,82,10,87,56,,75,86,52,
"Evans, Logan","688138","2025",6,4,10,19,6,30,17,9,28,9,14,49,11,21,,6,27,6,94
"Armstrong, Shawn","542888","2025",87,93,86,69,87,76,71,87,18,91,75,45,57,4,,87,40,34,
"Nola, Aaron","605400","2025",12,11,14,22,18,43,33,44,72,27,59,65,53,97,,12,10,44,53
"Fermin, José","820862","2025",,,,,,,,,68,,,,,,,,86,56,
"Kittredge, Andrew","552640","2025",,,,,,,,,79,,,,,,,,58,57,
"Ellard, Fraser","686642","2025",,,,,,,,,94,,,,,,,,43,84,
"Lopez, Jacob","682052","2025",58,81,61,39,57,54,73,87,66,88,84,35,77,40,,58,8,14,
"Bello, Brayan","678394","2025",29,23,43,59,22,22,60,72,48,76,21,44,13,33,,29,64,21,
"Kinley, Tyler","641755","2025",60,61,76,81,25,76,81,92,39,96,60,5,85,81,,60,65,77,72
"Mey, Luis","682825","2025",,,,,,,,,5,,,,,,,,98,53,
"Loáisiga, Jonathan","642528","2025",,,,,,,,,7,,,,,,,,85,43,54
"Miller, Bobby","676272","2025",,,,,,,,,83,,,,,,,,91,36,
"Erceg, Lucas","668674","2025",63,50,67,76,40,69,54,49,4,53,41,42,59,74,,63,93,4,
"Brubaker, JT","664141","2025",,,,,,,,,45,,,,,,,,32,47,
"Bird, Jake","656234","2025",75,64,83,91,51,69,80,80,55,53,79,34,70,65,,75,52,15,86
"Priester, Quinn","682990","2025",66,48,70,79,60,27,71,22,15,31,38,51,48,22,,66,40,6,69
"Vest, Will","676684","2025",98,96,98,97,96,95,96,80,73,46,85,44,71,72,,98,85,35,
"Birdsong, Hayden","806185","2025",26,67,37,22,22,33,30,41,26,10,52,5,71,20,,26,68,81,83
"Puk, A.J.","640462","2025",,,,,,,,,79,,,,,,,,82,54,
"Contreras, Luis","664351","2025",,,,,,,,,69,,,,,,,,13,95,
"Bernardino, Brennan","657514","2025",69,76,85,87,34,61,56,82,27,86,27,10,19,35,,69,9,23,70
"Nikhazy, Doug","680951","2025",,,,,,,,,66,,,,,,,,5,3,
"Springs, Jeffrey","605488","2025",38,36,30,31,51,9,51,72,27,79,27,57,48,46,,38,7,22,
"Fedde, Erick","607200","2025",4,5,7,15,3,6,35,12,24,17,3,20,6,16,,4,31,2,
"Tinoco, Jesus","622786","2025",,,,,,,,,52,,,,,,,,65,40,
"Romano, Jordan","605447","2025",44,65,39,29,55,61,32,62,5,57,68,32,73,14,,44,68,49,
"Hicks, Jordan","663855","2025",51,31,79,96,17,83,95,49,9,33,30,26,48,3,,51,91,2,
"Darvish, Yu","506433","2025",,,,,,,,,67,,,,,,,,40,69,58
"Montero, Rafael","606160","2025",70,82,80,71,48,69,38,49,72,29,68,4,77,90,,70,65,74,
"Henderson, Logan","701656","2025",,,,,,,,,1,,,,,,,,29,68,
"Sugano, Tomoyuki","608372","2025",3,1,2,4,10,1,10,46,5,70,3,83,6,65,,3,22,67,67
"Gaddis, Hunter","683769","2025",55,59,58,55,48,69,54,57,18,88,78,33,84,89,,55,56,65,
"Suarez, Robert","663158","2025",62,42,61,73,58,69,50,5,11,29,79,65,27,62,,62,97,79,
"Wrobleski, Justin","680736","2025",66,42,54,62,76,88,89,7,35,18,62,82,30,26,,66,68,55,23
"McFarland, T.J.","519008","2025",,,,,,,,,54,,,,,,,,1,1,
"Daniel, Davis","669721","2025",,,,,,,,,71,,,,,,,,4,14,
"Soroka, Michael","647336","2025",76,82,85,79,66,46,78,36,44,47,72,65,47,30,,76,38,93,
"Meyer, Max","676974","2025",19,21,20,20,38,33,37,2,29,4,61,71,66,43,,19,58,93,
"Sisk, Evan","681895","2025",,,,,,,,,85,,,,,,,,4,11,
"Ohtani, Shohei","660271","2025",,,,,,,,,18,,,,,,,,94,75,
"Kelly, Zack","677161","2025",,,,,,,,,79,,,,,,,,80,19,
"Allard, Kolby","663465","2025",44,23,28,36,56,61,70,77,63,79,1,83,2,6,,44,7,5,1
"Lucchesi, Joey","664192","2025",,,,,,,,,82,,,,,,,,22,45,5
"Vesia, Alex","681911","2025",89,97,72,25,97,50,2,65,26,70,97,65,91,61,,89,25,90,
"Buttó, José","676130","2025",37,50,38,32,33,46,17,41,31,59,41,14,82,74,,37,58,56,
"Matzek, Tyler","554431","2025",,,,,,,,,32,,,,,,,,53,86,
"Boyle, Joe","671212","2025",,,,,,,,,35,,,,,,,,96,97,
"Bivens, Spencer","702352","2025",69,67,59,50,70,69,83,98,48,90,28,60,4,80,,69,52,1,
"Ort, Kaleb","672391","2025",,,,,,,,,17,,,,,,,,82,87,
"Rogers, Tyler","643511","2025",98,70,96,99,98,98,100,99,69,94,33,99,11,72,,98,1,3,
"Strider, Spencer","675911","2025",46,67,48,35,45,33,22,1,15,42,88,24,94,61,,46,71,54,64
"Davis, Noah","663562","2025",,,,,,,,,93,,,,,,,,53,31,
"Whitley, Forrest","666215","2025",,,,,,,,,45,,,,,,,,80,84,
"Bowlan, Jonathan","680742","2025",,,,,,,,,49,,,,,,,,77,57,
"Rodríguez, Manuel","655889","2025",,,,,,,,,52,,,,,,,,88,37,
"Duran, Jhoan","661395","2025",96,86,97,99,82,95,98,68,20,57,78,49,89,88,,96,100,13,59
"Waddell, Brandon","663399","2025",,,,,,,,,59,,,,,,,,9,24,
"Walker, Taijuan","592836","2025",50,48,50,48,51,46,81,68,47,63,27,45,10,39,,50,20,6,29
"Ferguson, Tyler","621053","2025",34,72,59,46,12,76,51,80,31,87,41,1,51,27,,34,58,37,
"Guenther, Sean","674944","2025",,,,,,,,,46,,,,,,,,5,6,
"Eisert, Brandon","685126","2025",57,58,48,41,61,54,44,91,66,90,65,83,84,87,,57,3,4,
"Brzykcy, Zach","694350","2025",,,,,,,,,51,,,,,,,,56,50,65
"Senzatela, Antonio","622608","2025",1,1,1,7,1,3,43,15,38,12,1,65,4,4,,1,61,34,36
"Seymour, Ian","693855","2025",,,,,,,,,85,,,,,,,,14,23,
"Rocker, Kumar","677958","2025",6,9,5,8,12,27,8,15,23,8,31,65,51,62,,6,73,22,11
"Morillo, Juan","666661","2025",,,,,,,,,64,,,,,,,,98,42,
"Dobbins, Hunter","690928","2025",49,46,35,32,65,46,73,54,47,44,18,76,24,47,,49,68,74,35
"Herrin, Tim","682120","2025",26,70,81,83,1,98,96,26,74,5,41,1,73,22,,26,44,72,24
"Carrasco, Carlos","471911","2025",15,7,18,33,23,46,7,9,64,39,18,71,29,26,,15,10,11,
"Ribalta, Orlando","687377","2025",,,,,,,,,68,,,,,,,,65,92,
"Rodríguez, Randy","678495","2025",99,96,97,95,99,83,66,71,21,67,97,94,89,90,,99,91,99,
"Fluharty, Mason","689254","2025",79,85,78,66,66,83,68,93,10,87,72,18,75,36,,79,,,
"Cruz, Omar","678316","2025",,,,,,,,,66,,,,,,,,25,72,
"Klein, Will","694361","2025",,,,,,,,,76,,,,,,,,95,30,
"McGough, Scott","543518","2025",,,,,,,,,71,,,,,,,,31,79,
"Peralta, Wandy","593974","2025",30,21,44,64,14,54,59,77,5,75,37,12,82,72,,30,67,15,
"Casparius, Ben","676508","2025",51,34,41,46,65,38,56,85,44,90,45,83,69,75,,51,80,85,94
"Festa, David","701581","2025",16,40,13,5,34,33,9,22,21,53,55,48,66,68,,16,46,77,
"Schultz, Paxton","687606","2025",,,,,,,,,41,,,,,,,,40,44,
"Peterson, David","656849","2025",40,21,56,80,26,27,78,15,23,15,36,53,30,40,,40,14,14,17
"Rodríguez, Yariel","684320","2025",71,83,64,38,76,43,13,93,70,73,71,49,65,49,,71,77,85,
"Vargas, Carlos","672841","2025",62,42,69,82,33,83,94,82,2,92,9,35,8,46,,62,93,18,
"Barnes, Jacob","606930","2025",,,,,,,,,64,,,,,,,,46,78,
"Bassitt, Chris","605135","2025",55,36,52,64,57,14,60,91,3,86,51,88,30,35,,55,12,12,10
"Morejon, Adrian","670970","2025",100,96,100,100,99,95,97,99,45,100,73,93,40,90,,100,92,84,
"Uribe, Abner","682842","2025",89,83,96,98,58,95,97,95,21,82,90,24,92,39,,89,98,57,
"Burke, Brock","656271","2025",39,32,29,33,34,54,46,65,17,31,30,48,33,16,,39,68,35,
"Rutledge, Jackson","671131","2025",8,25,6,4,20,33,6,22,58,24,25,42,63,43,,8,71,68,
"Schwellenbach, Spencer","680885","2025",71,35,52,65,81,25,63,65,32,45,69,97,71,93,,71,85,52,14
"Palencia, Daniel","694037","2025",89,78,86,88,82,98,97,32,26,36,86,55,70,33,,89,99,67,
"Anderson, Ian","666120","2025",,,,,,,,,6,,,,,,,,38,2,
"Pop, Zach","647315","2025",,,,,,,,,1,,,,,,,,82,31,
"López, Jorge","605347","2025",,,,,,,,,74,,,,,,,,58,1,32
"Heaney, Andrew","571760","2025",8,8,7,13,14,3,17,18,7,20,15,53,15,47,,8,4,76,57
"Holmes, Clay","605280","2025",35,40,50,53,29,25,73,44,40,33,24,33,23,47,,35,35,34,
"Lovelady, Richard","663992","2025",,,,,,,,,67,,,,,,,,12,51,
"Bazardo, Eduard","660825","2025",73,82,78,66,65,61,69,77,15,73,58,15,9,2,,73,64,26,
"Bergert, Ryan","686701","2025",23,50,25,15,29,83,51,38,52,75,55,15,29,8,,23,35,80,
"Ginn, J.T.","669372","2025",60,61,41,32,76,50,10,46,63,10,80,79,43,23,,60,40,1,
"Stratton, Chris","608717","2025",,,,,,,,,69,,,,,,,,11,84,96
"Holman, Grant","680880","2025",,,,,,,,,20,,,,,,,,56,3,
"Dana, Caden","702674","2025",,,,,,,,,77,,,,,,,,46,8,
"Sale, Chris","519242","2025",89,83,90,88,85,35,61,95,3,96,91,71,82,94,,89,60,38,
"Lauer, Eric","641778","2025",89,83,76,64,94,46,69,20,39,48,78,82,43,46,,89,14,40,20
"Lively, Ben","594902","2025",27,38,17,12,48,43,19,2,1,18,10,45,1,12,,27,5,4,
"May, Dustin","669160","2025",18,25,25,30,12,22,48,17,20,24,44,24,18,12,,18,60,80,
"Peralta, Luis","678821","2025",,,,,,,,,64,,,,,,,,49,44,
"Blanco, Ronel","669854","2025",85,92,81,57,87,54,48,98,54,97,62,23,91,84,,85,31,45,8
"Fernandez, Ryan","681676","2025",,,,,,,,,72,,,,,,,,75,14,
"Effross, Scott","664123","2025",,,,,,,,,47,,,,,,,,3,33,
"Núñez, Eduarniel","674384","2025",,,,,,,,,94,,,,,,,,95,97,
"Maton, Phil","664208","2025",95,97,99,99,80,98,97,100,58,99,90,29,95,55,,95,3,64,99
"Cruz, Steven","674444","2025",95,94,94,87,95,93,93,68,41,96,45,57,45,15,,95,96,41,
"Headrick, Brent","687396","2025",,,,,,,,,48,,,,,,,,37,79,
"Cecconi, Slade","677944","2025",17,22,11,7,41,19,6,7,39,10,40,71,38,3,,17,46,72,23
"Schmidt, Clarke","657376","2025",87,92,84,66,89,43,76,79,32,84,55,29,61,30,,87,33,98,97
"Hahn, Jesse","534910","2025",,,,,,,,,76,,,,,,,,62,67,
"Mahle, Tyler","641816","2025",35,25,41,54,33,35,61,69,45,74,23,39,30,39,,35,17,66,
"Rolison, Ryan","669020","2025",10,9,13,17,11,76,56,90,44,73,2,24,11,1,,10,25,63,65
"Liberatore, Matthew","669461","2025",40,23,30,38,60,6,29,17,13,34,28,92,22,82,,40,49,12,92
"Blewett, Scott","656240","2025",24,36,22,17,36,38,10,2,18,2,21,32,68,30,,24,33,43,
"Cleavinger, Garrett","664076","2025",79,89,85,75,75,88,68,36,63,35,94,73,95,62,,79,84,81,
"Abreu, Bryan","650556","2025",60,79,72,60,48,61,14,12,38,6,99,15,99,75,,60,91,58,
"Funderburk, Kody","681892","2025",,,,,,,,,83,,,,,,,,25,49,
"Díaz, Edwin","621242","2025",99,99,100,100,93,100,99,89,47,81,99,38,99,37,,99,87,56,
"Gusto, Ryan","687473","2025",28,33,22,18,43,19,22,14,17,15,54,60,50,18,,28,46,83,25
"Topa, Justin","623437","2025",21,1,37,86,10,83,89,22,25,3,26,87,7,55,,21,43,23,
"Nelson, Ryne","669194","2025",44,38,48,53,43,27,51,14,10,31,36,57,13,20,,44,68,48,41
"King, John","667463","2025",15,2,17,42,16,69,78,54,1,48,2,75,12,72,,15,29,39,
"Kranick, Max","668820","2025",26,19,21,24,61,54,35,28,15,17,13,95,17,38,,26,68,49,34
"Povich, Cade","700249","2025",1,5,1,1,11,17,2,2,37,1,61,51,29,8,,1,19,61,47
"Alcantara, Sandy","645261","2025",13,10,17,29,16,6,38,20,1,21,13,44,10,35,,13,91,56,30
"Houck, Tanner","656557","2025",4,3,10,22,2,50,54,12,35,11,7,45,23,58,,4,53,40,
"Orze, Eric","679358","2025",77,83,78,67,74,76,68,85,41,97,57,34,64,52,,77,43,44,
"Rainey, Tanner","663432","2025",,,,,,,,,48,,,,,,,,62,80,
"Sands, Cole","663485","2025",39,40,30,29,66,46,28,61,24,39,23,87,17,46,,39,53,60,90
"Mejia, Juan","675848","2025",78,72,88,93,63,88,82,91,5,78,52,41,71,50,,78,80,98,
"Brebbia, John","605154","2025",,,,,,,,,20,,,,,,,,24,34,
"Faucher, Calvin","676534","2025",20,9,50,86,4,93,94,92,21,99,49,18,36,5,,20,71,80,93
"Thomas, Connor","671162","2025",,,,,,,,,68,,,,,,,,4,42,
"Sandlin, Nick","680704","2025",,,,,,,,,47,,,,,,,,13,63,
"Muñoz, Andrés","662253","2025",92,92,95,94,68,88,71,82,72,41,94,10,98,71,,92,97,25,
"Kerkering, Orion","689147","2025",55,52,77,90,18,83,82,96,16,90,52,18,48,6,,55,88,71,
"Brown, Hunter","686613","2025",87,81,87,82,84,35,81,96,14,94,92,57,79,75,,87,85,38,52
"Backhus, Kyle","679775","2025",,,,,,,,,71,,,,,,,,8,46,
"McCullers Jr., Lance","621121","2025",10,45,30,27,3,38,5,28,64,2,55,2,46,1,,10,13,47,93
"Pearson, Nate","663878","2025",,,,,,,,,75,,,,,,,,93,61,
"Hudson, Bryan","663542","2025",,,,,,,,,59,,,,,,,,5,26,
"Gibson, Cade","806188","2025",38,14,52,82,20,93,89,38,76,64,14,60,15,43,,38,15,41,91
"Ragans, Cole","666142","2025",94,94,90,79,93,61,44,72,3,66,98,58,92,64,,94,67,97,27
"Anderson, Shaun","641312","2025",,,,,,,,,68,,,,,,,,20,92,
"Lucas, Easton","687922","2025",,,,,,,,,41,,,,,,,,35,33,
"Warren, Will","701542","2025",41,47,53,57,31,17,38,18,17,21,79,15,59,12,,41,29,96,85
"Kelly, Merrill","518876","2025",50,45,43,42,61,9,38,18,3,26,63,60,54,82,,50,18,60,59
"Legumina, Casey","668984","2025",73,82,81,72,46,76,59,46,82,44,73,8,55,61,,73,49,81,
"Smith, Dylan","681916","2025",,,,,,,,,87,,,,,,,,56,91,
"Pagán, Emilio","641941","2025",90,97,76,34,96,69,42,52,57,52,92,48,79,72,,90,71,99,
"Agnos, Zach","688642","2025",,,,,,,,,46,,,,,,,,76,73,
"Megill, Trevor","656730","2025",80,81,75,64,73,76,37,22,41,80,89,22,89,93,,80,98,91,84
"Sousa, Bennett","656986","2025",90,86,88,80,92,83,73,38,55,68,88,73,96,99,,90,64,41,
"De los Santos, Yerry","660787","2025",,,,,,,,,20,,,,,,,,68,18,
"Clase, Emmanuel","661403","2025",93,75,92,96,87,88,94,82,46,77,62,93,92,83,,93,,,
"Alvarado, Elvis","665660","2025",,,,,,,,,49,,,,,,,,97,82,
"Hader, Josh","623352","2025",100,100,98,84,100,76,54,82,73,88,99,69,99,99,,100,68,62,
"Thielbar, Caleb","573204","2025",99,96,97,95,98,88,78,75,20,96,72,58,56,67,,99,24,66,61