"last_name, first_name","player_id","attempts","avg_hit_angle","anglesweetspotpercent","max_hit_speed","avg_hit_speed","ev50","fbld","gb","max_distance","avg_distance","avg_hr_distance","ev95plus","ev95percent","barrels","brl_percent","brl_pa"
"Littell, Zack","641793","408","14.3",32.4,"114.5","90.6","80.7","94.4","87.9","420","171","389","171",41.9,"46",11.3,8.9
"Severino, Luis","622663","407","13.4",34.4,"112.4","88.3","75.9","92.6","85.3","455","164","405","175",43,"24",5.9,4.4
"Keller, Mitch","656605","386","11.9",32.4,"114.1","90.1","79.9","93.7","88.6","445","161","399","164",42.5,"26",6.7,5
"Webb, Logan","657277","385","6.4",34.5,"116.8","89.8","78.5","93.6","87.4","423","140","390","155",40.3,"29",7.5,5.2
"Irvin, Jake","663623","384","13.3",32.6,"111.8","90.6","79.4","94.3","87.8","464","172","395","182",47.4,"48",12.5,9.4
"Martinez, Nick","607259","380","17.1",37.6,"111.4","88.8","78.8","91.4","87.7","432","176","400","134",35.3,"28",7.4,5.6
"Senzatela, Antonio","622608","375","9.4",35.5,"112","90.8","79.5","94.2","87.5","435","165","411","172",45.9,"33",8.8,7.1
"Kremer, Dean","665152","373","14.6",35.1,"110.8","88.2","76.8","93.5","83.5","429","173","404","129",35.5,"30",8,5.9
"Soriano, José","667755","368","-3.6",24.2,"112.7","91.4","80.1","96.3","89.7","420","101","399","177",48.1,"28",7.6,5.2
"Berríos, José","621244","367","16.8",32.7,"118.1","90.3","79.7","94.3","87.7","436","169","399","155",42.2,"40",10.9,7.6
"Springs, Jeffrey","605488","366","18.7",37.2,"112.9","88.4","77.4","93.3","82.5","452","193","394","135",36.9,"30",8.2,6
"Pallante, Andre","669467","364","-0.3",27.2,"119.4","89.5","77.8","93.9","86.9","448","120","395","154",42.3,"25",6.9,5.3
"Bassitt, Chris","605135","362","10.3",32.3,"116.7","86.9","74.4","92.7","83.6","417","147","390","126",34.8,"28",7.7,5.4
"Fried, Max","608331","362","8.3",30.7,"112.5","87.5","75.7","92.1","85.2","429","143","405","137",37.8,"24",6.6,4.7
"Parker, Mitchell","680730","359","15.6",35.7,"113.8","91.8","82","94.3","90.5","466","181","407","178",49.6,"33",9.2,7
"Paddack, Chris","663978","359","16.5",34.8,"112.9","89.9","79.2","94.2","88.3","448","174","400","157",43.7,"30",8.4,6.4
"Gallen, Zac","668678","357","13.2",36.4,"112","91.2","80.8","94.8","86.7","467","180","400","169",47.3,"43",12,8.2
"Castillo, Luis","622491","356","13.6",34.6,"115.2","90.4","79.3","93.7","87.6","445","169","396","165",46.3,"38",10.7,7.6
"Lodolo, Nick","666157","353","13.6",31.4,"115","89.5","78.4","93.8","86.4","429","167","394","148",41.9,"30",8.5,6
"Sugano, Tomoyuki","608372","351","14.4",39.3,"116.3","89.6","79.1","94","86.3","433","171","398","135",38.5,"40",11.4,9
"Woo, Bryan","693433","350","15.5",33.7,"120.4","88.2","76.4","92.8","85.9","420","165","388","137",39.1,"32",9.1,6.4
"Pfaadt, Brandon","694297","350","13",41.1,"114.8","91.8","80.8","95.7","87.8","448","176","406","168",48,"45",12.9,9.4
"Freeland, Kyle","607536","347","10.9",36.6,"115.4","91","80.9","94.2","88.4","452","164","406","162",46.7,"33",9.5,7.3
"Wacha, Michael","608379","347","16",38.3,"110.7","86.8","75.4","92","83","430","167","402","112",32.3,"24",6.9,5.1
"Kikuchi, Yusei","579328","345","15.8",31.6,"112.2","91.4","81","94.7","90.3","434","171","399","147",42.6,"35",10.1,6.6
"Bibee, Tanner","676440","344","13",28.5,"113.9","88.6","77.2","92.5","86.5","429","156","389","133",38.7,"27",7.8,5.6
"Valdez, Framber","664285","343","1.7",28.3,"114.4","90.9","80.1","94.6","89.2","425","123","400","162",47.2,"24",7,4.6
"Anderson, Tyler","542881","342","20.5",41.2,"116.1","87.5","76","92.5","81.3","440","192","404","117",34.2,"32",9.4,6.7
"Mikolas, Miles","571945","341","15.9",34.9,"113.8","89.1","77.5","93.9","84.6","428","182","402","146",42.8,"41",12,9.4
"Márquez, Germán","608566","340","14.7",35.6,"112.7","91.1","80.9","94.4","88.7","456","178","405","161",47.4,"30",8.8,6.6
"Alcantara, Sandy","645261","339","8.1",34.5,"117.9","90.5","79.8","95.5","86","422","161","393","151",44.5,"31",9.1,6.7
"Holmes, Clay","605280","338","4",29.9,"111.8","89.7","78.5","96.3","86","433","132","389","145",42.9,"23",6.8,4.8
"Crochet, Garrett","676979","337","10.6",32.3,"115.5","87.4","75.1","91.7","84.9","443","152","398","125",37.1,"24",7.1,4.5
"Peterson, David","656849","335","4.5",32.8,"113.3","90.8","80.1","93.7","89.1","432","135","402","152",45.4,"21",6.3,4.4
"Fedde, Erick","607200","334","15.6",35.9,"113.2","91","81.3","93.5","90.1","450","174","399","150",44.9,"31",9.3,7
"Hendricks, Kyle","543294","333","17.3",32.4,"111.7","86.4","74.2","91.8","82.6","423","172","390","118",35.4,"28",8.4,6.5
"Falter, Bailey","663559","333","18.8",30,"114.7","90.4","79.4","94.3","88","466","178","401","151",45.3,"31",9.3,7.1
"Kelly, Merrill","518876","331","13",29,"116.9","90.6","79.5","94.2","88.8","443","161","398","145",43.8,"30",9.1,6.2
"Sears, JP","676664","330","22.4",33.9,"113.3","89.7","79.2","93.4","85","470","203","401","134",40.6,"30",9.1,6.6
"Sánchez, Cristopher","650911","329","2.4",24.6,"112.6","89.3","77.9","92.5","87.6","418","123","384","132",40.1,"17",5.2,3.4
"Vásquez, Randy","681190","328","17.9",34.5,"118.4","89.1","78","94.2","86","417","175","394","131",39.9,"36",11,8.4
"Boyd, Matthew","571510","328","18.6",30.5,"114.7","88.1","76.9","91.4","86.7","425","171","383","121",36.9,"27",8.2,5.8
"Bradley, Taj","671737","328","9.5",29.9,"113","89.2","78.2","93.5","86.4","429","150","399","124",39.2,"20",6.1,4.2
"Gray, Sonny","543243","327","11.8",37.3,"114.3","88.8","77","93.8","85.4","420","162","402","128",39.1,"31",9.5,6.5
"Pepiot, Ryan","686752","326","16.3",35.6,"115.1","90.2","79.3","95","86.4","442","177","380","140",42.9,"33",10.1,6.8
"Gausman, Kevin","592332","325","17.3",36,"116.5","89.2","78.2","93","84.6","425","187","393","130",40,"29",8.9,6.1
"Rea, Colin","607067","323","16",39.3,"115.7","90.2","80","94.2","88","440","180","396","136",42.1,"33",10.2,7.7
"Heaney, Andrew","571760","322","14.4",37.3,"115.5","90.6","79.9","93.7","88.1","434","177","403","144",44.7,"34",10.6,7.8
"Baz, Shane","669358","321","10.8",29.9,"113.9","89.3","78.2","94.7","86.6","432","148","383","131",40.8,"31",9.7,6.5
"Ray, Robbie","592662","319","16.5",32,"114.6","91","81.6","94","88.5","420","183","395","140",43.9,"27",8.5,5.4
"Corbin, Patrick","571578","319","14.7",35.7,"113","88.6","77.7","92.6","85","420","171","394","120",37.6,"24",7.5,5.5
"Peralta, Freddy","642547","319","18.3",34.5,"117.9","88.3","77.4","92.7","85.8","448","170","394","113",35.4,"29",9.1,5.8
"Skenes, Paul","694973","319","10.9",28.8,"112.3","87.7","75.8","91.7","85.6","411","148","397","128",40.1,"15",4.7,3
"Liberatore, Matthew","669461","318","14",34.6,"114.5","90.7","80.7","94.1","88.2","440","169","398","136",42.8,"31",9.7,7.3
"Pivetta, Nick","601713","317","18.3",36.3,"115.5","89.5","78.6","93.8","84.6","467","184","404","135",42.6,"34",10.7,7.1
"Rodón, Carlos","607074","316","14.5",32.9,"115.5","89.8","79.1","94.1","85.5","423","170","380","132",41.8,"27",8.5,5.3
"Lugo, Seth","607625","315","13.8",33,"115.6","90.5","80","95.6","86.3","458","178","404","144",45.7,"32",10.2,7.1
"Allen, Logan","671106","314","14.1",31.8,"113.5","88.3","76.9","93.4","84.8","441","157","401","114",36.3,"31",9.9,7.1
"Bello, Brayan","678394","312","8.4",29.5,"111.2","88.4","77.3","91.9","86.3","410","143","386","117",37.5,"24",7.7,5.5
"Luzardo, Jesús","666200","311","12.9",35,"112","89.4","78.8","91.7","87.9","420","164","404","125",40.2,"21",6.8,4.3
"Lorenzen, Michael","547179","308","15.3",37.7,"110.9","89.4","79.3","93.1","86.5","431","179","399","124",40.3,"26",8.4,6.1
"Bubic, Kris","663460","308","11",32.8,"114.4","87.7","75.7","92.3","84.5","436","150","395","122",39.6,"21",6.8,4.6
"Roupp, Landen","694738","307","9.8",35.8,"115.4","88.4","76.8","92.6","84.9","484","156","402","110",35.8,"25",8.1,5.6
"Burke, Sean","680732","306","18.7",37.3,"113.2","88.8","77","93.9","81.9","446","187","397","128",41.8,"32",10.5,7.2
"Ober, Bailey","641927","306","23.5",33.3,"116.6","89.6","78.4","93.3","86.3","442","193","397","126",41.2,"33",10.8,8.1
"Schwellenbach, Spencer","680885","306","8.3",34.3,"112.5","88.8","76.9","93.4","86.1","442","151","409","127",41.5,"23",7.5,5.3
"deGrom, Jacob","594798","304","14.2",29.9,"112.5","89.6","79.4","93.2","86.8","410","162","382","122",40.1,"22",7.2,4.9
"Singer, Brady","663903","303","15.4",38.9,"114.4","90.6","80.2","94.9","86.7","439","183","392","131",43.2,"30",9.9,6.8
"Kochanowicz, Jack","686799","302","7.3",24.2,"116.6","91.8","81.6","93.9","91.4","463","140","403","141",46.7,"25",8.3,6
"Gore, MacKenzie","669022","300","17.2",37.3,"113.1","89.4","78.5","91.9","88","429","180","390","124",41.3,"28",9.3,5.7
"Priester, Quinn","682990","298","4.7",26.2,"114.1","90.4","80.1","95.3","87.6","418","130","392","128",43,"21",7,5
"Skubal, Tarik","669373","298","12.8",36.9,"114.2","85.9","73.5","91.6","80.4","440","163","406","98",32.9,"19",6.4,3.9
"Cease, Dylan","656302","297","16",36.7,"112.9","89.3","78.3","93.3","86.1","434","180","381","124",41.8,"30",10.1,6.2
"Wheeler, Zack","554430","296","13",36.8,"113.9","87.4","76.5","90.8","85.1","427","168","384","101",34.1,"21",7.1,4.3
"Taillon, Jameson","592791","294","20.4",35.4,"117.4","88.4","76.6","93.6","82.2","436","184","396","118",40.1,"31",10.5,8
"Holmes, Grant","656550","292","9.8",36.6,"115.4","90.1","79.8","93.6","86.8","443","167","414","121",41.4,"30",10.3,6.4
"Ryan, Joe","657746","287","19.2",32.1,"115.3","89.9","79.8","93.1","87.3","448","180","389","115",40.1,"31",10.8,6.9
"Quantrill, Cal","615698","287","16.1",39.4,"111.8","90.1","79.6","94.6","86.6","433","186","401","122",42.5,"30",10.5,7.7
"Warren, Will","701542","287","11.9",34.5,"113.8","90.6","80.1","94.4","88.1","438","159","399","128",44.6,"26",9.1,5.6
"May, Dustin","669160","287","12.8",33.4,"113.5","90.7","79.9","94","88.7","455","166","411","126",43.9,"24",8.4,5.6
"Mize, Casey","663554","286","13.1",36.4,"114","90.1","80.1","93.4","87.9","442","175","394","121",42.3,"27",9.4,6.9
"Williams, Trevor","592866","285","18.1",39.3,"115.8","90","79.8","92.5","87.4","442","184","390","116",40.7,"24",8.4,6.4
"Morton, Charlie","450203","282","11.2",32.3,"114.6","90.8","80.9","93.3","88.2","439","171","394","118",41.8,"23",8.2,5.3
"Cannon, Jonathan","686563","282","16.3",36.2,"113.3","90","79.1","94.3","87.1","419","175","378","127",45,"28",9.9,7.2
"Williams, Gavin","668909","281","11.3",34.5,"115","89.8","79.5","94.4","85.3","445","168","400","114",40.6,"25",8.9,5.6
"Abbott, Andrew","671096","280","19.6",34.3,"111.1","88","77.9","91.4","84.5","437","188","393","92",32.9,"21",7.5,5.3
"Brown, Hunter","686613","278","11.5",32.7,"114.3","86.2","74.1","91.4","82.7","426","154","392","89",32,"17",6.1,3.7
"Rodriguez, Eduardo","593958","276","17.6",35.5,"111.7","88.4","77.3","92.3","86.5","438","172","400","94",34.1,"24",8.7,6
"Elder, Bryce","693821","276","6.8",34.8,"117.6","89.6","77.2","94.7","84.6","445","157","401","126",45.7,"26",9.4,6.8
"Yamamoto, Yoshinobu","808967","274","7.5",28.8,"117.6","89.6","78.3","92.6","88","425","141","400","112",40.9,"17",6.2,3.9
"Martin, Davis","663436","271","9.8",35.1,"114.7","90.8","79.8","93.7","89.8","423","153","391","124",45.8,"27",10,7.6
"Patrick, Chad","694477","271","19",40.2,"117.7","90.1","79.4","93","88.8","416","190","396","119",43.9,"21",7.7,5.3
"Buehler, Walker","621111","269","10.4",33.1,"113.2","87.8","75.6","92.9","84.3","428","157","394","104",38.7,"25",9.3,6.6
"Verlander, Justin","434378","268","17.6",38.4,"112.1","89.2","78.9","93","84.8","428","182","394","105",39.2,"26",9.7,6.9
"Rasmussen, Drew","656876","262","7.6",28.6,"115.6","90.9","80.8","93.9","90.2","414","140","380","118",45,"15",5.7,4
"Flaherty, Jack","656427","262","18.8",39.3,"113.8","90.1","79.3","93.8","85.4","440","187","394","117",44.7,"30",11.5,6.8
"Nelson, Ryne","669194","256","14.7",34.4,"115","90.9","81.1","94.4","88.6","447","177","402","110",43,"21",8.2,5.8
"Leiter, Jack","683004","252","16.7",33.7,"111.7","91.1","81.1","93.4","89.3","479","178","395","112",44.4,"29",11.5,7.8
"Brown, Ben","676962","252","13.4",36.9,"113.3","92.3","82.8","95.4","90.2","431","171","396","118",46.8,"30",11.9,7.9
"Smith, Shane","681343","249","12.7",36.1,"116.3","90.2","78.8","92.7","88.1","421","169","393","115",46.2,"17",6.8,4.5
"Suárez, Ranger","624133","248","11.3",31.9,"110.8","84.9","72.7","89.3","84","451","149","409","72",29,"14",5.6,3.9
"Hancock, Emerson","676106","247","14.1",34.4,"112.3","89","77.8","93","86.4","434","161","391","103",41.7,"20",8.1,6
"Gusto, Ryan","687473","245","18.1",33.1,"113.8","90.9","80.6","94.3","88.2","408","182","385","111",45.3,"25",10.2,7
"Eovaldi, Nathan","543135","244","7.8",33.2,"111.7","89.3","78.1","93.8","86","415","141","384","95",38.9,"19",7.8,5.1
"Ortiz, Luis L.","682847","243","9.4",32.9,"114.6","91.8","81.2","95.7","88.9","422","160","383","116",47.7,"25",10.3,6.5
"Cabrera, Edward","665795","242","9.6",31,"116.7","89.9","78.8","94.5","85.3","451","165","388","107",44.2,"19",7.9,5.1
"Giolito, Lucas","608337","241","17",41.1,"113","91.1","80.6","94.1","88.8","439","182","394","108",44.8,"25",10.4,7.4
"Quintana, Jose","500779","240","13.6",32.9,"112.3","88.9","77.8","93.8","85.9","433","159","394","98",40.8,"21",8.8,6.4
"Imanaga, Shota","684007","239","22.5",33.9,"112.2","90.2","80.2","94.2","85.6","420","202","387","96",40.2,"24",10,7.7
"Montero, Keider","672456","238","12.6",35.7,"111.6","88.6","77.5","93.5","83.7","432","168","394","90",37.8,"20",8.4,6.3
"Spence, Mitch","687765","233","13.7",37.8,"113.1","90.4","79.9","93.8","88.3","439","171","403","98",42.1,"32",13.7,9.9
"Kolek, Stephen","663568","228","7.8",33.3,"111.9","91.3","80.4","93.4","89.9","409","154","379","111",48.7,"13",5.7,4.2
"Woods Richardson, Simeon","680573","227","21.2",35.7,"115.3","89.7","79.3","94.7","85.6","450","190","404","93",41,"25",11,7.7
"Eflin, Zach","621107","226","10.7",33.6,"111.1","89.5","78.9","93.1","85.9","467","169","383","90",39.8,"20",8.8,7
"Mahle, Tyler","641816","225","13.9",36.4,"111.5","88.6","77.7","93.9","83.5","422","171","384","85",37.8,"17",7.6,5.5
"Canning, Griffin","656288","223","7.8",31.8,"113.8","91.2","81","95","89.4","432","154","377","102",45.7,"21",9.4,6.4
"Sale, Chris","519242","223","12.6",33.6,"116.7","86.5","74.7","90.6","82.7","462","166","397","71",31.8,"17",7.6,4.6
"Dollander, Chase","801403","222","11.7",36.9,"111.6","89.2","78","94.4","84.5","435","174","410","91",41,"29",13.1,9.4
"Walker, Taijuan","592836","213","13.5",31.5,"111.3","88.7","77.8","93.5","85","452","162","392","84",39.4,"13",6.1,4.4
"Cameron, Noah","702070","213","11.8",26.3,"117.9","88.6","77.5","93.8","85.8","469","153","415","85",39.9,"12",5.6,4
"Schmidt, Clarke","657376","212","19.6",32.5,"112.5","88.1","77.1","93.3","82.2","433","186","391","75",35.4,"14",6.6,4.4
"Senga, Kodai","673540","211","12.8",27,"114.7","88.5","76.9","92.8","86.4","421","152","400","84",39.8,"14",6.6,4.3
"Soroka, Michael","647336","208","15.9",27.4,"111.6","90","79.9","94","86.8","415","169","378","86",41.3,"13",6.3,4
"Mlodzinski, Carmen","669387","208","11.8",37.5,"113.7","91.1","80.8","94.5","88.3","436","163","410","90",43.3,"16",7.7,5.8
"Cecconi, Slade","677944","205","13.7",41.5,"111.9","91.3","81.6","94.6","88.4","410","182","390","96",46.8,"25",12.2,8.7
"Houser, Adrian","605288","205","10.1",33.7,"112.8","90.3","79.8","92.5","90","396","147","383","93",45.4,"10",4.9,3.6
"Lord, Brad","695418","204","10.4",36.8,"115.3","88.3","76.3","91.7","86","415","152","386","80",39.2,"10",4.9,3.5
"Newcomb, Sean","656794","202","11.3",31.7,"113.2","89.9","79.1","93.2","87.6","430","154","390","88",43.6,"13",6.4,4.4
"Francis, Bowden","670102","201","20.7",34.3,"113.1","91.6","81.1","95.2","89","426","187","386","105",52.2,"25",12.4,8.7
"Casparius, Ben","676508","200","19.4",34,"111.6","87.7","77.4","91.5","83.6","430","184","386","68",34,"16",8,5.8
"Alexander, Tyler","641302","196","15",37.2,"114.3","88.3","76.9","91.1","86","432","170","410","75",38.3,"11",5.6,4.1
"Meyer, Max","676974","195","8.7",30.3,"112.7","91.9","82","95.1","89.7","429","151","391","94",48.2,"18",9.2,6.3
"Gordon, Colton","676467","194","18.8",37.1,"113.5","89.3","78.5","93.8","85.1","431","181","388","76",39.2,"20",10.3,7.9
"Horton, Cade","690990","193","10",34.7,"116","89.9","78.6","94.1","86.4","407","159","390","85",44,"24",12.4,9
"Povich, Cade","700249","193","12.8",40.4,"112.1","91.9","81.7","96.1","87.5","458","183","414","99",51.3,"26",13.5,9.1
"Dobbins, Hunter","690928","192","9.5",31.8,"111.3","89.3","77.9","94.3","85.5","436","151","393","80",41.7,"13",6.8,5.1
"Bido, Osvaldo","674370","191","18.6",31.9,"114.7","90.1","79.7","93.6","85.5","422","191","406","77",40.3,"19",9.9,7.4
"Olson, Reese","681857","190","12",36.8,"112.7","91.5","81.7","93.3","90.6","418","163","395","85",44.7,"14",7.4,4.9
"Civale, Aaron","650644","189","20.7",32.8,"113.1","88.6","77.3","92.7","85.1","418","186","390","75",39.7,"20",10.6,7.8
"Evans, Logan","688138","189","12.1",37.6,"112.8","91.1","80.6","92.7","89.4","448","178","393","89",47.1,"20",10.6,7.8
"Birdsong, Hayden","806185","188","20",36.2,"113","89.8","79.2","94","86.6","443","183","402","88",46.8,"18",9.6,6
"Vasil, Mike","678024","182","9.9",33,"111.1","88.9","77.5","93.4","86.7","434","153","395","73",40.1,"15",8.2,5.5
"Lauer, Eric","641778","180","21.5",37.2,"111.9","90.5","81.3","92.8","88.8","399","194","383","74",41.1,"13",7.2,4.8
"Strider, Spencer","675911","177","14.4",36.7,"114.2","92.4","82.8","95.2","90.2","445","183","402","74",41.8,"18",10.2,6
"Megill, Tylor","656731","176","14.8",30.1,"114.7","90.3","79.6","93.6","88.8","409","160","392","77",43.8,"11",6.3,3.6
"Rocker, Kumar","677958","176","8.4",33.5,"113.3","90.8","79.3","94.5","88.5","440","158","413","83",47.2,"21",11.9,8.5
"Junk, Janson","676083","174","16.3",33.3,"111.6","92.3","82.5","94.7","91.3","438","169","438","85",48.9,"10",5.7,4.5
"Kershaw, Clayton","477132","173","11.7",32.9,"112.7","90","79.1","94.6","86.9","418","156","403","78",45.1,"9",5.2,3.9
"Burnes, Corbin","669203","173","6.6",33.5,"113.4","89.5","78","94.5","86.4","448","144","410","72",41.6,"14",8.1,5.3
"Kirby, George","669923","171","12.3",32.2,"113.3","90.3","80.1","92.3","89.1","435","158","401","75",43.9,"14",8.2,5.7
"Wilson, Bryse","669060","169","16.5",39.1,"114.3","91.1","80.1","92.6","90.7","417","178","396","76",45,"17",10.1,7.8
"López, Pablo","641154","169","15.1",35.5,"116.5","88","76.7","92.3","85","414","166","407","55",32.5,"10",5.9,4
"Hicks, Jordan","663855","168","5",29.8,"115.2","89.5","78.4","92.8","88.3","423","126","378","72",42.9,"7",4.2,2.9
"Bellozo, Valente","678368","167","24.1",29.3,"112.6","88.9","78.3","93.1","85.1","425","188","377","61",36.5,"13",7.8,5.8
"Hanifee, Brenan","669724","165","4",30.3,"115.2","90.1","79.1","95","87.1","406","133","382","74",44.8,"10",6.1,4.8
"Herget, Jimmy","623474","164","17.3",36,"109.9","89.7","79.4","94","86.1","432","182","405","65",39.6,"11",6.7,4.8
"Matz, Steven","571927","161","11",31.1,"110.9","89.4","78.3","94.6","87","435","148","392","69",42.9,"8",5,3.7
"Lopez, Jacob","682052","161","24.1",39.8,"109.7","87.5","76.2","93","75.5","432","202","406","55",34.2,"11",6.8,4.1
"Yarbrough, Ryan","642232","158","16.2",39.9,"112.9","86.3","74.8","88.8","84.2","440","177","386","51",32.3,"8",5.1,3.5
"Phillips, Tyler","663969","157","8.5",29.3,"113.3","88.6","77.4","91.1","87.2","416","140","401","59",37.6,"9",5.7,4.4
"Ferrer, Jose A.","678606","157","3",28,"112.6","88.2","76.4","89.7","87.7","398","115","388","60",38.2,"5",3.2,2.3
"Leahy, Kyle","681517","156","11.3",36.5,"115.2","89","77.2","94","85.7","419","160","398","69",44.2,"17",10.9,7.6
"Gilbert, Logan","669302","155","15.2",30.3,"112.7","90.2","80.6","94.6","87.2","432","168","405","62",40,"15",9.7,5.6
"Vargas, Carlos","672841","154","6",24,"117.7","87.9","77","90.3","86.8","444","140","403","50",32.5,"7",4.5,3.3
"Walter, Brandon","687888","153","12",30.7,"112","86.2","73.6","92.1","81.9","445","155","398","59",38.6,"11",7.2,5.2
"Festa, David","701581","153","19.8",33.3,"113.4","90.4","79.9","95.1","86.5","441","183","414","62",40.5,"18",11.8,7.9
"Bivens, Spencer","702352","152","8.6",28.3,"111.2","85.7","73.5","92.1","82.2","413","147","389","51",33.6,"9",5.9,4.3
"Miller, Bryce","682243","151","16.6",37.7,"117","91.1","80.8","93.5","89.5","416","173","381","67",44.4,"10",6.6,4.6
"Holton, Tyler","663947","151","9.2",32.5,"110","87.2","74.4","91","85.9","422","151","390","57",37.7,"12",7.9,5.9
"Suter, Brent","608718","150","13.8",31.3,"110.6","85","72.3","90.3","81.5","420","163","392","48",32,"11",7.3,5.6
"Jobe, Jackson","695549","150","13.1",36,"111.9","89.1","77.7","94.6","85.2","436","163","396","65",43.3,"13",8.7,6
"Nola, Aaron","605400","149","11.5",36.2,"108.9","89.7","79","94.6","85.8","421","166","390","65",43.6,"14",9.4,6.4
"Houck, Tanner","656557","149","6.8",35.6,"112.2","91","79.8","95","87.8","432","151","396","69",46.3,"12",8.1,5.9
"Greene, Hunter","668881","148","23.1",38.5,"109.3","90.2","79.9","92.9","88.7","457","197","390","63",42.6,"15",10.1,6.3
"Rutledge, Jackson","671131","148","16.8",31.1,"110.4","90.4","79.8","93.8","88.1","434","174","396","65",43.9,"18",12.2,8.6
"Burrows, Mike","681347","148","13.5",33.8,"113.1","89.3","77.6","92.4","87.3","418","161","389","64",43.2,"15",10.1,6.7
"Ross, Joe","605452","147","10.4",38.1,"111","88.8","76.5","94.7","85.3","437","160","410","61",41.5,"17",11.6,8.5
"Bird, Jake","656234","146","8.4",34.9,"110.7","88","76","90.6","85.6","439","149","412","59",40.4,"9",6.2,3.9
"Hill, Tim","657612","146","-1.7",20.5,"114.1","90.1","78.4","93.3","88.8","424","112","393","69",47.3,"12",8.2,6.5
"Latz, Jacob","656641","145","16.1",33.8,"109.6","90","79.7","92.7","88.8","431","167","393","63",43.4,"11",7.6,5
"King, John","667463","144","-1.4",27.8,"117.9","89.3","77.6","92.3","87.5","443","117","403","59",41,"9",6.3,5
"Webb, Jacob","657097","143","22.7",31.5,"114.8","86.2","74.3","90.6","82.3","431","179","390","49",34.3,"6",4.2,3.1
"King, Michael","650633","142","17",32.4,"111.7","88","75.7","92.7","86.2","413","167","379","56",39.4,"16",11.3,7.1
"Peralta, Wandy","593974","141","3.2",33.3,"116.2","88.2","76.2","93.2","84.9","412","132","386","53",37.6,"11",7.8,5.3
"Allard, Kolby","663465","141","18.9",36.2,"110","88.2","77.6","92.8","86.4","431","174","390","52",36.9,"10",7.1,5.8
"Wentz, Joey","666214","140","16.2",33.6,"111.4","91.3","81.9","93","90.6","427","174","383","63",45,"14",10,6.8
"Blewett, Scott","656240","140","9.7",29.3,"113.7","92.2","82.8","95.8","89.8","427","161","401","70",50,"16",11.4,8.2
"Milner, Hoby","571948","139","6",31.7,"110","87.8","77.7","92.4","84.7","399","139",,"49",35.3,"11",7.9,5.6
"Bazardo, Eduard","660825","139","16.3",34.5,"114.2","88.2","77.4","92.3","85.5","411","178","384","53",38.1,"10",7.2,4.7
"Dreyer, Jack","676263","138","17.6",28.3,"109.6","90.2","81.4","93.9","88.4","401","159","401","53",38.4,"4",2.9,1.9
"Rogers, Tyler","643511","137","-4.2",27,"109.4","85.2","73.2","91.6","81.9","399","117","379","44",32.1,"3",2.2,1.7
"Hurter, Brant","676428","137","11.9",34.3,"109.9","88.4","77.7","91.4","87.4","405","149","381","51",37.2,"4",2.9,1.8
"Flexen, Chris","623167","136","15",34.6,"109.5","90.5","81.3","93.3","88","420","174","400","54",39.7,"11",8.1,6.5
"Lively, Ben","594902","134","20.4",35.1,"118","92.1","83","94.7","91.5","397","200","390","60",44.8,"14",10.4,7.9
"Clase, Emmanuel","661403","134","12.8",34.3,"111.4","87.8","76.8","92.8","83.1","392","160","392","50",37.3,"6",4.5,3.1
"Junis, Jakob","596001","133","11.6",35.3,"109.8","87.8","76.3","93.5","81.2","423","165","397","49",36.8,"8",6,4.4
"Sands, Cole","663485","133","11.2",27.1,"113.2","89","77.4","94.1","85.7","412","158","389","56",42.1,"13",9.8,7.4
"Adam, Jason","592094","133","13",25.6,"110.3","89.4","79.2","92.2","87.2","428","156","400","53",39.8,"10",7.5,4.7
"Kinley, Tyler","641755","132","16.8",37.9,"111.9","86.8","74.8","90.6","82.7","450","184","412","41",31.1,"8",6.1,3.8
"Anderson, Grant","681982","132","10.6",27.3,"115.4","88.9","78","90.9","87.3","399","158","386","49",37.1,"7",5.3,3.4
"Weissert, Greg","669711","131","12.1",37.4,"112.4","89.7","80.1","93.2","87.9","439","160","395","54",41.2,"7",5.3,3.8
"Gomber, Austin","596295","131","19.4",33.6,"110","88.9","78","92.1","86.4","451","199","429","50",38.2,"17",13,10.8
"Topa, Justin","623437","131","8.6",40.5,"113.1","90.4","79.3","94.2","89.6","394","159","394","65",49.6,"7",5.3,4
"Blanco, Ronel","669854","131","17.7",25.2,"110.8","85.9","74.4","91.6","78","418","172","392","40",30.5,"11",8.4,5.5
"Green, Chad","643338","130","18.5",33.1,"111.2","91.7","81.3","96.5","87.5","415","190","388","65",50,"21",16.2,11.8
"Banda, Anthony","607455","130","11.2",34.6,"112.4","90.3","81.1","91.1","90.2","405","166","396","51",39.2,"13",10,6.7
"McCullers Jr., Lance","621121","130","14.1",36.2,"109.8","90.2","79.2","96.4","85.2","425","169","374","65",50,"16",12.3,7.4
"Santillan, Tony","663574","130","20.3",35.4,"113.7","91.8","81.4","93.5","92.7","437","182","394","58",44.6,"8",6.2,4.2
"Brazobán, Huascar","623211","129","13",28.7,"111.5","88.2","77.6","93.2","84.9","431","157","396","48",37.2,"12",9.3,5.7
"Burke, Brock","656271","128","9",28.9,"113.8","88.8","75.9","93.4","85.9","425","145","387","55",43,"11",8.6,6.1
"Smith-Shawver, AJ","700363","128","15.4",41.4,"116.2","91.4","80.4","94.8","86.8","414","188","388","65",50.8,"16",12.5,8.4
"Eisert, Brandon","685126","127","12.6",38.6,"109.7","87","75.4","91.3","82.1","431","171","387","43",33.9,"11",8.7,5.8
"Varland, Louis","686973","127","3.7",29.9,"112.2","89","77.5","93.8","86.6","412","126","394","51",40.2,"12",9.4,6.4
"Estévez, Carlos","608032","126","25.3",32.5,"110.3","90","80","93.1","87.9","412","188","392","49",38.9,"14",11.1,7.8
"Rodríguez, Yariel","684320","126","16.9",38.9,"109.3","86.7","74.3","91.7","82.7","415","173","390","48",38.1,"14",11.1,7.2
"Duran, Jhoan","661395","125","-4.6",20.8,"113.6","88.7","76.7","92.6","87.4","405","97","405","50",40,"4",3.2,2
"Lynch IV, Daniel","663738","125","13.5",25.6,"116","88.7","77.2","94.8","86.4","426","156","416","53",42.4,"10",8,5.6
"Bernardino, Brennan","657514","125","9.1",28.8,"112.9","87.8","76","93.1","86","391","138","355","44",35.2,"10",8,5.4
"Koenig, Jared","657649","124","12.1",29.8,"112.9","88.8","79","91.9","86","420","162","396","43",34.7,"7",5.6,3.9
"Pressly, Ryan","519151","123","7.1",28.5,"115.2","90.8","80","95.8","89.6","414","131","409","60",48.8,"7",5.7,4.2
"Morejon, Adrian","670970","123","5.5",28.5,"111.5","84.9","73","89.9","82.3","399","122","399","31",25.2,"4",3.3,2.3
"Banks, Tanner","621383","123","13.3",39,"112.3","87.2","75","91.6","82.4","408","173","385","47",38.2,"10",8.1,5.6
"Buttó, José","676130","123","7.9",31.7,"112.6","89.8","79.4","95.9","84.5","411","151","408","49",39.8,"13",10.6,7.1
"Bummer, Aaron","607481","122","2.7",32,"115.8","90.2","80.2","93.4","87.9","461","130","443","51",41.8,"5",4.1,2.7
"Trivino, Lou","642152","122","18.7",36.1,"113.2","86.8","75.3","89.5","85.8","414","165","398","39",32,"12",9.8,7.1
"Ashcraft, Graham","668933","122","5.6",29.5,"112.8","86","72.6","92.2","83.7","414","124","384","44",36.1,"7",5.7,3.8
"Scott, Tanner","656945","121","16.7",33.1,"109.1","91.1","81.3","94.8","89.4","424","164","400","53",43.8,"11",9.1,6
"Shugart, Chase","663767","121","18.9",40.5,"112.7","87.6","75.8","93","82","411","192","389","46",38,"11",9.1,6.9
"Harris, Hogan","663687","121","16",39.7,"111.9","88.3","79","90.4","86.1","431","191","388","35",28.9,"7",5.8,3.6
"De Los Santos, Enyel","660853","121","15.2",34.7,"111.4","86.7","73.8","91.3","82","434","164","424","45",37.2,"9",7.4,5.1
"Keller, Brad","641745","120","4.1",30.8,"108","86.1","74.4","93.3","83.7","426","122","411","37",30.8,"8",6.7,4.4
"Santana, Dennis","642701","120","12.5",30.8,"109.2","87.8","77.3","93.1","82.4","403","169","403","40",33.3,"9",7.5,5.5
"Thornton, Trent","663423","120","14.5",32.5,"111.4","90.2","79.4","94.2","87.8","408","163","378","53",44.2,"9",7.5,5.4
"Bender, Anthony","669622","119","7.5",22.7,"114.8","89","77.8","93.3","85.5","428","151","402","51",42.9,"9",7.6,5.2
"Hernández, Carlos","672578","119","18.5",32.8,"114.5","90.5","79.5","93","90.9","420","183","402","49",41.2,"15",12.6,8.5
"Detmers, Reid","672282","118","8.6",28.8,"118.3","89.9","78.8","93.9","86.9","423","150","393","49",41.5,"9",7.6,4.6
"Ferguson, Caleb","657571","118","6.2",33.9,"112.2","83.6","71.4","88.6","80.9","451","142","451","31",26.3,"4",3.4,2.4
"Zerpa, Angel","672582","118","-1.9",27.1,"111.2","90.4","80","97.3","87.1","424","111","403","52",44.1,"11",9.3,6.4
"Kranick, Max","668820","118","18.1",32.2,"114","90.2","79.8","94","88.1","427","174","401","53",44.9,"11",9.3,7.3
"Knack, Landon","689017","117","16.4",44.4,"117.9","91.5","81","95.8","85.7","411","202","393","58",49.6,"19",16.2,11
"Cantillo, Joey","676282","117","10.8",37.6,"110.9","90.2","79.5","93.8","87.4","421","160","401","54",46.2,"10",8.5,5
"Henriquez, Ronny","678692","117","17.9",36.8,"112.6","87.7","75.6","93.1","82.2","417","183","405","51",43.6,"15",12.8,7.2
"Kerkering, Orion","689147","116","16.2",35.3,"113.9","86.2","74.3","90.2","85.4","377","154","361","39",33.6,"7",6,3.9
"Wrobleski, Justin","680736","116","8.4",29.3,"112.2","91.3","80.7","94.5","90.9","422","143","406","52",44.8,"6",5.2,3.6
"Uceta, Edwin","670955","116","17.6",43.1,"113.6","90.9","80.2","93.8","86.9","425","204","398","50",43.1,"14",12.1,7
"Uribe, Abner","682842","116","8.2",31,"113.4","86.5","73.7","90","85.3","427","130","405","42",36.2,"4",3.4,2
"Chivilli, Angel","683409","116","2.1",29.3,"112.8","89.1","76.6","96.8","83.9","425","129","400","46",39.7,"11",9.5,6.9
"King, Bryan","687911","116","15.5",37.9,"109","87.8","78.2","91.1","84.4","411","166","383","37",31.9,"3",2.6,1.7
"Walker, Ryan","676254","115","7.9",29.6,"112.5","86.7","74.9","91.4","81.5","399","149","372","40",34.8,"6",5.2,3.5
"Schreiber, John","670167","115","13.2",35.7,"113","88.3","77","93","84.8","429","161","403","43",37.4,"11",9.6,6.4
"Whitlock, Garrett","676477","115","10.9",33.9,"119","88.7","77.7","93.1","84.6","401","168","395","41",35.7,"13",11.3,6.5
"Kahnle, Tommy","592454","115","10.8",31.3,"110.4","87.7","76.1","94.9","82.6","431","145","406","41",35.7,"10",8.7,6.1
"Ragans, Cole","666142","115","15.9",34.8,"117.2","88.4","76.7","92.9","85.3","419","175","392","45",39.1,"10",8.7,4.8
"Fitts, Richard","690916","114","12.3",40.4,"112.1","89.6","78.5","91.9","88.1","454","170","407","51",44.7,"13",11.4,8.1
"Armstrong, Shawn","542888","114","21.6",36,"113.7","87.5","77.1","91.3","83.6","425","189","409","38",33.3,"8",7,4.5
"Halvorsen, Seth","678020","114","6.2",29.8,"113","88.8","77.1","92.8","87.2","465","138","415","45",39.5,"11",9.6,6.6
"Bachar, Lake","669199","114","19.5",34.2,"111.3","90.2","80.7","94.7","86","417","174","399","46",40.4,"9",7.9,4.8
"Beeks, Jalen","656222","114","9.6",28.9,"111.9","87.7","74.8","93.3","84.2","405","147","385","42",36.8,"11",9.6,6.5
"Doval, Camilo","666808","113","5.9",30.1,"111.1","88.5","76.6","93.1","85.4","427","141","419","47",41.6,"7",6.2,3.8
"Barlow, Scott","605130","112","16.5",28.6,"109.8","86.7","76","89.9","85.3","407","141","398","33",29.5,"6",5.4,3.1
"Rogers, Trevor","669432","112","12.3",25.9,"113.4","90.6","78.7","93.1","91.1","422","147","406","59",52.7,"6",5.4,3.8
"Lee, Dylan","669276","112","18.2",29.5,"112.9","87.2","76","93.3","79.8","411","170","377","37",33,"12",10.7,7
"Faucher, Calvin","676534","111","8",38.7,"113.4","86.8","76","90.7","83.2","426","153","409","32",28.8,"5",4.5,2.9
"Gaddis, Hunter","683769","111","17",35.1,"113.7","89.2","78.8","91.9","86.6","421","173","396","38",34.2,"9",8.1,5.2
"Fairbanks, Pete","664126","111","13.9",25.2,"109.2","90.5","81.4","92.8","90.5","406","140","406","47",42.3,"3",2.7,1.9
"Finnegan, Kyle","640448","111","13.7",32.4,"111","89.8","79.2","92.3","88.6","400","154","386","44",39.6,"10",9,6.4
"Erceg, Lucas","668674","111","7.1",21.6,"116.5","89.5","77.4","94.1","89.1","403","126","395","45",40.5,"9",8.1,5.6
"Vest, Will","676684","111","6",21.6,"108.7","88","76.6","91.5","87.2","399","126","382","46",41.4,"4",3.6,2.3
"Salazar, Eduardo","674285","110","8.5",33.6,"110.5","89.6","78.1","91.9","88.6","397","148","383","49",44.5,"10",9.1,6.6
"Mears, Nick","683232","110","14.4",36.4,"112.2","90.4","79.3","95","85.7","404","185","394","48",43.6,"8",7.3,5.3
"Alcala, Jorge","660896","110","19",32.7,"111.5","87.5","76.1","93.4","83.6","422","172","400","36",32.7,"10",9.1,5.7
"Orze, Eric","679358","109","17",34.9,"111.7","87.7","77.2","91","87.6","400","157","378","33",30.3,"8",7.3,4.9
"Iglesias, Raisel","628452","109","18.2",38.5,"111.5","88.2","77.6","93.7","81.4","423","190","402","35",32.1,"13",11.9,7.8
"Suarez, Robert","663158","108","18.6",38,"114.7","91.5","81.9","94","92.2","391","170","377","47",43.5,"9",8.3,5.5
"Jax, Griffin","643377","108","3.9",40.7,"110.9","88.9","76.4","93.8","84.2","420","142","398","48",44.4,"10",9.3,5.2
"Strahm, Matt","621381","108","29.6",34.3,"110.6","90.1","79.9","93.3","89.5","424","194","409","48",44.4,"6",5.6,3.5
"Okert, Steven","595345","107","28.2",29,"110.5","88.4","78.7","91.1","84.5","398","202","378","32",29.9,"8",7.5,4.6
"Cruz, Steven","674444","107","13.5",28,"111.7","88.7","79.4","91.9","87.3","421","152","412","34",31.8,"5",4.7,3.3
"Matsui, Yuki","673513","107","21.1",34.6,"113.8","91","81.5","94.1","89.2","413","195","384","45",42.1,"11",10.3,6.5
"Estrada, Jeremiah","669093","107","20.1",32.7,"112.7","90.1","79.8","93.5","89","420","168","398","41",38.3,"8",7.5,4.2
"Carrasco, Carlos","471911","107","14.8",36.4,"109.9","91.1","81","91.7","90.3","412","174","391","45",42.1,"13",12.1,9.2
"Jackson, Luke","592426","107","7",28,"114.4","91.8","81.4","96.7","88.7","421","140","401","51",47.7,"8",7.5,5.3
"Richardson, Lyon","680689","107","5.2",29,"115.9","89.4","77.8","93.4","87.2","422","137","389","49",45.8,"6",5.6,3.9
"Garcia, Robert","676395","107","11.6",42.1,"110.2","88.5","78.3","91","84.8","439","171","398","33",30.8,"8",7.5,4.8
"Garrett, Reed","657585","106","14.5",39.6,"111.7","88.4","76","93.5","83.8","410","173","372","45",42.5,"5",4.7,2.9
"Jansen, Kenley","445276","106","22.3",33,"119.6","93.1","84.6","96.2","90","430","201","401","52",49.1,"11",10.4,7.2
"Akin, Keegan","669211","106","18.3",38.7,"110.7","90.2","79.5","92.8","88.5","421","187","396","46",43.4,"10",9.4,6.1
"Henry, Cole","669371","105","23.2",34.3,"109.8","88.9","77.7","92.8","88.5","412","181","403","40",38.1,"10",9.5,5.9
"Ginn, J.T.","669372","105","8.1",28.6,"110","89.6","77.7","95.1","88.1","426","145","402","49",46.7,"12",11.4,7.5
"Hart, Kyle","606996","105","20.5",35.2,"111.7","89","78","92.1","85.7","403","195","379","42",40,"8",7.6,6
"Romano, Jordan","605447","105","18.4",32.4,"116.4","88.9","77.3","92.8","88.9","455","183","398","42",40,"10",9.5,6.2
"Hoglund, Gunnar","680684","105","14.4",36.2,"112.5","92.4","82.2","95.4","88.4","439","192","408","48",45.7,"17",16.2,12.2
"Sasaki, Roki","808963","105","13.6",32.4,"113.1","90.4","80.6","92.3","88.9","427","179","396","47",44.8,"11",10.5,7.1
"Palmquist, Carson","687223","104","21.8",32.7,"110.8","89.2","78","93.4","84.3","439","198","415","41",39.4,"16",15.4,10.9
"García, Luis","472610","104","0.2",36.5,"111.7","92.6","82.6","97.5","89.3","413","131","400","56",53.8,"9",8.7,6
"Hoffman, Jeff","656546","103","17.3",35.9,"115.3","90.5","78.8","95.9","86.7","432","171","406","45",43.7,"15",14.6,8.6
"Smith, Cade","671922","103","16.7",40.8,"109.4","89.8","80.4","91.1","90.9","391","186","378","42",40.8,"4",3.9,2.2
"Baker, Bryan","641329","103","18.5",37.9,"110.7","90.6","79.7","95.7","87.5","433","192","406","49",47.6,"16",15.5,9.5
"Legumina, Casey","668984","103","16.5",28.2,"107.2","89.6","78.8","92.4","87.7","414","160","375","43",41.7,"8",7.8,4.8
"Sousa, Bennett","656986","103","16.3",31.1,"110.7","89.9","78.9","93.2","88.1","431","168","426","40",38.8,"7",6.8,4.3
"Stroman, Marcus","573186","102","10.3",29.4,"110.7","91.2","80.5","96.5","88.1","442","155","388","48",47.1,"11",10.8,8.2
"Cano, Yennier","666974","102","6.1",28.4,"107.2","88.9","78.5","92","87.1","407","135","389","37",36.3,"5",4.9,3.3
"Pagán, Emilio","641941","101","23.3",25.7,"110.5","89.4","79.3","93.1","86.5","422","195","383","41",40.6,"9",8.9,5.4
"Stanek, Ryne","592773","101","20.6",34.7,"110.2","90.4","80.6","92.8","89.9","406","184","390","44",43.6,"10",9.9,6.4
"Helsley, Ryan","664854","101","12",34.7,"109.4","91.5","81.7","94.2","89.7","415","164","400","46",45.5,"7",6.9,4.5
"Mejia, Juan","675848","100","14.7",37,"116.2","86.9","74.6","90.3","85.6","404","172","387","37",37,"6",6,4
"Zeferjahn, Ryan","666171","100","13.6",38,"114.9","89.9","79.1","94.6","86.2","433","179","388","42",42,"10",10,5.8
"Rolison, Ryan","669020","100","8",34,"111.6","87.2","74.9","90.7","84.4","464","157","418","38",38,"8",8,6.2
"Pérez, Eury","691587","100","24.1",34,"110.9","89.5","79.4","92.8","83.8","415","190","385","41",41,"6",6,3.9
"Leasure, Jordan","673929","100","19.3",37,"114.7","89.1","77.7","94.2","85.5","409","165","386","39",39,"12",12,7.2
"Sterner, Justin","686993","99","24.7",32.3,"112.3","91.1","82.1","93.7","88.2","433","203","401","38",38.4,"9",9.1,5.8
"Hader, Josh","623352","99","29",32.3,"108.7","87.9","77.3","92.5","80.1","443","193","377","34",34.3,"8",8.1,4.4
"Montero, Rafael","606160","99","12.5",28.3,"108.8","89.5","78.8","92.7","86.8","416","160","404","43",43.4,"9",9.1,5.7
"Young, Brandon","687064","99","15.6",33.3,"113.7","90","78.7","95.7","85.3","429","169","388","47",47.5,"11",11.1,7.8
"Boushley, Caleb","676961","98","12.7",40.8,"109.6","91","81.2","95.4","85.6","420","177","374","51",52,"12",12.2,8.7
"Weaver, Luke","596133","98","24.5",34.7,"114.8","89.9","79.9","93.5","82","421","213","399","38",38.8,"10",10.2,6.7
"Hamilton, Ian","641656","98","17.1",36.7,"115.2","90.1","80.4","92.3","89","398","180","377","36",36.7,"10",10.2,6.1
"Gonsolin, Tony","664062","98","16.3",37.8,"113","91.2","81.2","95.2","88.3","446","181","401","44",44.9,"11",11.2,7
"Little, Brendon","663893","98","4.3",31.6,"112.4","89.5","77.9","95.4","87.2","397","127","386","45",45.9,"7",7.1,3.5
"Feltner, Ryan","663372","98","11.1",27.6,"112.1","90","79.8","92.1","89.2","414","156","400","35",35.7,"4",4.1,3
"Leiter Jr., Mark","643410","98","11.4",28.6,"110.3","86","74.1","89.1","83.9","410","139","397","29",29.6,"5",5.1,3.2
"Martin, Chris","455119","98","13.2",36.7,"111.7","89.6","78.2","93.3","87.5","425","168","396","40",40.8,"9",9.2,6.4
"Ferguson, Tyler","621053","98","17.4",29.6,"112.6","88","76.9","92.4","83.8","432","171","414","34",34.7,"8",8.2,5.1
"Wilson, Steven","621051","98","23",39.8,"114.9","90.4","81","93.8","87.3","435","198","417","39",39.8,"6",6.1,4
"Thompson, Ryan","657044","97","8.3",33,"113.4","90.8","79.1","95.6","87.5","426","147","411","41",42.3,"10",10.3,7.1
"Gibson, Cade","806188","97","7.1",33,"108.3","89.9","80.8","91.5","89.2","430","132","420","38",39.2,"5",5.2,3.8
"Thielbar, Caleb","573204","96","20.7",30.2,"113.6","88.3","78.3","91.5","88.1","419","163","398","30",31.3,"6",6.3,4.2
"Fluharty, Mason","689254","96","18",29.2,"115","86.7","74.9","89","87.7","446","168","406","33",34.4,"7",7.3,4.6
"Wesneski, Hayden","669713","95","16.3",35.8,"111.5","89.7","79.3","92.4","88.6","416","173","390","40",42.1,"10",10.5,7.6
"Rodríguez, Randy","678495","95","18.1",27.4,"113.4","88.5","76.9","94","84.7","417","165","350","37",38.9,"7",7.4,4.4
"Domínguez, Seranthony","622554","94","16.1",39.4,"114.5","87.3","76.3","91.6","85.2","422","161","401","34",36.2,"7",7.4,4.1
"Soto, Gregory","642397","93","10.7",36.6,"110.4","89.8","78.8","94.5","88","408","156","378","38",40.9,"4",4.3,2.5
"Johnson, Pierce","572955","93","15.7",33.3,"111.7","90.3","80.7","93.2","88.3","438","183","397","40",43,"8",8.6,5.6
"Lee, Chase","695445","92","14.3",43.5,"113.7","90.2","79.6","92.4","88.5","431","187","395","36",39.1,"12",13,8.8
"Abreu, Bryan","650556","92","14.4",40.2,"112","91","80.9","95.7","84.8","447","183","406","44",47.8,"10",10.9,5.4
"Speier, Gabe","642100","92","14.6",22.8,"112.4","90.1","79.3","93.5","87.2","422","164","380","36",39.1,"9",9.8,5.8
"Vesia, Alex","681911","91","25.5",37.4,"113","88.8","77.6","95.8","81.2","443","182","408","35",38.5,"12",13.2,7.3
"Maton, Phil","664208","90","10.6",34.4,"110.4","84.8","73.1","89.8","82.7","391","140","372","26",28.9,"3",3.3,1.9
"Romero, JoJo","668941","90","6.7",25.6,"113.9","89.1","78.1","96.1","86.4","388","134","388","35",38.9,"6",6.7,4.3
"Williams, Devin","642207","90","13.5",30,"113.7","89.6","79.3","92","89.4","456","158","435","31",34.4,"8",8.9,5
"Miller, Shelby","571946","89","15.5",37.1,"113.4","88.2","76.6","92","83.6","408","180","405","34",38.2,"6",6.7,4.2
"Megill, Trevor","656730","87","12",36.8,"111.7","90.4","80.5","94.5","84.6","415","173","386","32",36.8,"8",9.2,5.5
"Palencia, Daniel","694037","87","14",36.8,"113","90.1","81","93.5","89.2","438","167","401","37",42.5,"3",3.4,2.2
"Rogers, Taylor","573124","87","14.4",37.9,"109.7","89.4","78.5","94.1","85.3","448","168","383","35",40.2,"9",10.3,6.4
"Muñoz, Andrés","662253","86","7.9",29.1,"108.8","87.8","75","90.4","86.1","410","138","410","36",41.9,"6",7,3.8
"Bednar, David","670280","85","11.2",35.3,"110.2","89.3","78.3","94.1","84","418","172","413","37",43.5,"9",10.6,6.2
"Bergert, Ryan","686701","85","20.1",40,"110.9","89.9","80.3","92.9","83.7","425","204","416","32",37.6,"7",8.2,5.4
"Montgomery, Mason","682254","83","11.3",30.1,"110.7","89.8","78.4","90.4","90.9","430","152","384","33",39.8,"8",9.6,5.6
"Chapman, Aroldis","547973","82","18.3",39,"108.5","89.1","78.4","93.3","84.7","410","175","387","34",41.5,"7",8.5,4.6
"Glasnow, Tyler","607192","82","11.1",32.9,"111.9","89.3","78.8","91.3","88.6","407","166","390","30",36.6,"8",9.8,5.5
"Cleavinger, Garrett","664076","82","15.2",34.1,"110","90","79.2","93.2","89.7","417","167","372","35",42.7,"6",7.3,4.1
"Stewart, Brock","592779","80","21.8",27.5,"113.6","86.7","75.1","91.5","84.4","433","160","396","26",32.5,"4",5,3
"Díaz, Edwin","621242","77","11.1",28.6,"111.3","87.4","75.4","92.5","83.8","399","139","377","28",36.4,"2",2.6,1.3
"Herrin, Tim","682120","77","16.6",24.7,"108.5","90.3","80.8","92","90.7","397","171","375","37",48.1,"3",3.9,2.3
"Yates, Kirby","489446","74","16.4",32.4,"108.5","88.8","76.7","94.8","81.9","411","185","399","35",47.3,"9",12.2,6.9
"Miller, Mason","695243","71","18.5",36.6,"107.2","87.6","76.2","92.4","82.8","409","194","389","30",42.3,"8",11.3,5.4
"Bautista, Félix","642585","69","9.4",30.4,"110.5","87.9","75.4","99.2","80.8","421","140","403","29",42,"6",8.7,4.2
"Cruz, Fernando","518585","61","21.4",42.6,"113.3","87","74.9","92.3","84.4","418","185","390","25",41,"5",8.2,3.8