"last_name, first_name","player_id","team_name_alt","pitch_type","pitch_name","run_value_per_100","run_value","pitches","pitch_usage","pa","ba","slg","woba","whiff_percent","k_percent","put_away","est_ba","est_slg","est_woba","hard_hit_percent"
"Soriano, José",667755,"LAA","SI","Sinker",0.2,2,"1033",50.5,"318","0.29","0.357","0.347",17.5,8.2,14.5,"0.297","0.427","0.365",55.2
"Peralta, Freddy",642547,"MIL","FF","4-Seam Fastball",0.6,8,"1184",56.4,"294","0.206","0.364","0.305",23,22.8,18.1,"0.251","0.465","0.354",41.3
"Parker, Mitchell",680730,"WSH","FF","4-Seam Fastball",-0.1,-1,"955",55.1,"276","0.251","0.404","0.338",10.6,8.7,11,"0.304","0.524","0.395",54.2
"Gausman, Kevin",592332,"TOR","FF","4-Seam Fastball",0.5,5,"1031",54.5,"273","0.247","0.435","0.339",18.2,18.3,16.6,"0.271","0.488","0.366",44.2
"Senzatela, Antonio",622608,"COL","FF","4-Seam Fastball",-1.1,-10,"932",54.2,"269","0.358","0.509","0.427",11.8,8.2,10.3,"0.341","0.518","0.413",47.6
"Ray, Robbie",592662,"SF","FF","4-Seam Fastball",0.8,8,"1004",50.4,"266","0.197","0.335","0.287",23.2,28.6,23.8,"0.194","0.343","0.28",40.6
"Ryan, Joe",657746,"MIN","FF","4-Seam Fastball",2.2,21,"959",52.8,"246","0.173","0.299","0.239",27.3,30.9,23.8,"0.195","0.383","0.271",40
"Gallen, Zac",668678,"AZ","FF","4-Seam Fastball",-0.2,-2,"936",47.2,"240","0.257","0.43","0.333",14.5,17.1,17.4,"0.288","0.541","0.384",52.6
"Nelson, Ryne",669194,"AZ","FF","4-Seam Fastball",1.8,16,"891",62.4,"239","0.181","0.33","0.265",19.2,23,18.9,"0.247","0.403","0.319",43.8
"Gore, MacKenzie",669022,"WSH","FF","4-Seam Fastball",0.1,1,"1021",50,"236","0.296","0.458","0.368",21.2,15.3,15.3,"0.297","0.488","0.38",46.5
"Pallante, Andre",669467,"STL","FF","4-Seam Fastball",0.2,1,"821",46,"236","0.286","0.488","0.374",16.2,9.7,13.6,"0.31","0.514","0.382",49
"Castillo, Luis",622491,"SEA","FF","4-Seam Fastball",1,9,"953",47.4,"236","0.199","0.346","0.282",26.4,25.8,17.1,"0.213","0.425","0.311",51.7
"Sánchez, Cristopher",650911,"PHI","SI","Sinker",0.5,4,"857",46.9,"236","0.305","0.399","0.358",12.2,13.1,21.7,"0.275","0.404","0.33",49.7
"Cease, Dylan",656302,"SD","SL","Slider",0.2,2,"922",46.2,"232","0.224","0.383","0.303",41.9,37.9,24.1,"0.203","0.347","0.268",37
"Pivetta, Nick",601713,"SD","FF","4-Seam Fastball",1.6,14,"883",47,"230","0.201","0.33","0.271",24.9,29.6,26,"0.243","0.475","0.34",53.8
"Kochanowicz, Jack",686799,"LAA","SI","Sinker",-0.9,-7,"727",47.2,"226","0.315","0.457","0.377",15.6,9.3,13.9,"0.292","0.429","0.358",50
"Bassitt, Chris",605135,"TOR","SI","Sinker",0.5,4,"812",41.6,"225","0.309","0.417","0.364",13.4,14.7,19,"0.301","0.455","0.359",42.7
"Valdez, Framber",664285,"HOU","SI","Sinker",1.7,14,"818",43.8,"223","0.256","0.34","0.301",11.3,9,20.8,"0.314","0.455","0.36",50
"Bradley, Taj",671737,"TB","FF","4-Seam Fastball",-0.3,-3,"807",45.1,"218","0.277","0.467","0.39",17.1,13.8,16.3,"0.285","0.437","0.37",44.2
"Falter, Bailey",663559,"PIT","FF","4-Seam Fastball",0.6,5,"756",46.4,"215","0.228","0.392","0.313",17,16.7,16.7,"0.253","0.42","0.328",46.8
"Paddack, Chris",663978,"MIN","FF","4-Seam Fastball",0,0,"861",46.4,"214","0.276","0.422","0.328",17.9,16.4,11.9,"0.286","0.482","0.349",47.2
"deGrom, Jacob",594798,"TEX","FF","4-Seam Fastball",1.5,12,"796",46.1,"209","0.192","0.368","0.265",23,24.4,20.7,"0.224","0.393","0.29",43.8
"Flaherty, Jack",656427,"DET","FF","4-Seam Fastball",-0.3,-3,"860",47.1,"208","0.258","0.484","0.368",17.1,23.6,19,"0.268","0.512","0.372",47.8
"Cease, Dylan",656302,"SD","FF","4-Seam Fastball",-0.2,-2,"824",41.3,"207","0.25","0.426","0.34",27.2,21.7,19,"0.239","0.419","0.332",43
"Woo, Bryan",693433,"SEA","FF","4-Seam Fastball",2.2,18,"830",45.7,"205","0.143","0.275","0.213",30.3,31.2,23,"0.179","0.334","0.249",34.4
"Kikuchi, Yusei",579328,"LAA","SL","Slider",0.4,3,"768",36.5,"200","0.25","0.445","0.368",23.4,20,19.7,"0.277","0.53","0.403",42.1
"Webb, Logan",657277,"SF","SI","Sinker",1,8,"766",36.3,"200","0.265","0.403","0.323",12.5,17,23.4,"0.285","0.44","0.339",45.7
"Priester, Quinn",682990,"MIL","SI","Sinker",0.6,4,"688",43.2,"199","0.257","0.358","0.321",14.2,16.6,23.2,"0.284","0.399","0.333",46.3
"Boyd, Matthew",571510,"CHC","FF","4-Seam Fastball",1.5,12,"822",46.1,"198","0.237","0.366","0.273",16.5,20.2,17.3,"0.264","0.442","0.317",47.3
"Brown, Ben",676962,"CHC","FF","4-Seam Fastball",-0.9,-8,"809",57.8,"198","0.318","0.525","0.401",15.3,14.1,16.1,"0.31","0.612","0.419",49.7
"Sears, JP",676664,"ATH","FF","4-Seam Fastball",-1.1,-8,"717",39,"198","0.274","0.514","0.374",19.2,21.7,16.3,"0.273","0.545","0.375",48.2
"Holmes, Clay",605280,"NYM","SI","Sinker",0.6,4,"721",38.1,"197","0.298","0.422","0.375",15.4,10.7,18.1,"0.287","0.436","0.379",53.1
"Pepiot, Ryan",686752,"TB","FF","4-Seam Fastball",-0.7,-6,"827",43.5,"197","0.256","0.53","0.379",24.9,25.9,19.6,"0.232","0.444","0.347",50.4
"Heaney, Andrew",571760,"PIT","FF","4-Seam Fastball",-1.1,-8,"748",44.8,"196","0.265","0.542","0.387",17.9,17.3,14.5,"0.284","0.531","0.393",56.7
"Rea, Colin",607067,"CHC","FF","4-Seam Fastball",-0.5,-4,"714",44.2,"196","0.296","0.52","0.381",14.3,15.3,17.1,"0.29","0.521","0.369",49.7
"Singer, Brady",663903,"CIN","SI","Sinker",-0.7,-5,"721",40.8,"194","0.269","0.487","0.38",17,21.1,19.2,"0.273","0.471","0.379",56.7
"deGrom, Jacob",594798,"TEX","SL","Slider",1.7,12,"665",38.6,"192","0.19","0.285","0.236",38.8,31.3,27.1,"0.22","0.323","0.264",35
"Springs, Jeffrey",605488,"ATH","FF","4-Seam Fastball",-0.3,-3,"830",41.9,"191","0.251","0.433","0.323",14.9,19.4,15.3,"0.26","0.469","0.345",40.1
"Anderson, Tyler",542881,"LAA","FF","4-Seam Fastball",-0.2,-2,"696",37.8,"191","0.25","0.453","0.354",16.2,14.1,13,"0.27","0.558","0.381",42.5
"Holmes, Grant",656550,"ATL","SL","Slider",1.4,9,"670",35.6,"191","0.178","0.264","0.227",43.1,34.6,26.2,"0.204","0.341","0.265",41.4
"Sale, Chris",519242,"ATL","SL","Slider",2.2,16,"718",48.3,"191","0.153","0.22","0.198",40.1,42.9,26.6,"0.154","0.238","0.205",19.8
"Sánchez, Cristopher",650911,"PHI","CH","Changeup",2.3,16,"672",36.8,"189","0.136","0.169","0.172",47.3,45,30.8,"0.158","0.193","0.189",22.8
"Abbott, Andrew",671096,"CIN","FF","4-Seam Fastball",1.6,12,"740",47.6,"188","0.202","0.357","0.282",21,23.9,18.9,"0.219","0.397","0.302",42.1
"Skenes, Paul",694973,"PIT","FF","4-Seam Fastball",1.9,15,"779",39.2,"188","0.188","0.294","0.254",26.5,30.3,22.8,"0.205","0.352","0.28",52.2
"Crochet, Garrett",676979,"BOS","FF","4-Seam Fastball",-0.2,-2,"844",40.5,"187","0.241","0.44","0.344",31.7,37.4,27.8,"0.21","0.422","0.315",51
"Burke, Sean",680732,"CWS","FF","4-Seam Fastball",-0.3,-2,"718",41.6,"187","0.248","0.373","0.343",22.7,23.5,18.9,"0.221","0.415","0.343",43.2
"Rodón, Carlos",607074,"NYY","FF","4-Seam Fastball",0.5,4,"826",40.5,"186","0.211","0.441","0.335",22.6,20.4,20.2,"0.229","0.469","0.346",46.8
"Morton, Charlie",450203,"BAL","CU","Curveball",-0.4,-3,"661",39,"186","0.232","0.384","0.317",34.6,31.2,21.9,"0.23","0.376","0.304",35.2
"Williams, Trevor",592866,"WSH","FF","4-Seam Fastball",-1.2,-8,"617",42.6,"186","0.345","0.556","0.41",15,17.2,16.4,"0.291","0.456","0.348",46.5
"Warren, Will",701542,"NYY","FF","4-Seam Fastball",0.6,5,"732",39.7,"183","0.211","0.368","0.322",25.8,29.5,23.1,"0.223","0.396","0.332",45
"Baz, Shane",669358,"TB","FF","4-Seam Fastball",0,0,"825",45,"182","0.268","0.471","0.376",23.9,23.1,21.5,"0.242","0.425","0.349",46.8
"Fried, Max",608331,"NYY","FC","Cutter",2,12,"629",31.3,"181","0.195","0.305","0.273",19.2,14.9,16.6,"0.258","0.383","0.313",32.6
"Hendricks, Kyle",543294,"LAA","CH","Changeup",0.4,2,"607",37.9,"181","0.224","0.391","0.269",20.7,16,12.6,"0.238","0.411","0.285",31.8
"Rodón, Carlos",607074,"NYY","SL","Slider",1.6,10,"623",30.5,"179","0.131","0.225","0.217",41.2,39.7,25.4,"0.166","0.265","0.236",35.6
"Valdez, Framber",664285,"HOU","CU","Curveball",-0.2,-1,"626",33.5,"179","0.195","0.299","0.283",42.9,44.1,29.5,"0.181","0.254","0.257",43.4
"Gausman, Kevin",592332,"TOR","FS","Split-Finger",0.8,6,"710",37.5,"179","0.175","0.269","0.213",38,33.5,20.1,"0.189","0.292","0.222",29.2
"Berríos, José",621244,"TOR","SI","Sinker",0.2,1,"603",31.6,"177","0.248","0.435","0.326",9.8,16.4,24.2,"0.293","0.515","0.376",49.6
"Bello, Brayan",678394,"BOS","SI","Sinker",0.3,2,"605",35.8,"177","0.275","0.353","0.361",10.8,13,17.6,"0.281","0.372","0.337",34.4
"Francis, Bowden",670102,"TOR","FF","4-Seam Fastball",-0.7,-5,"657",57.6,"177","0.28","0.497","0.366",14.8,14.7,14.4,"0.288","0.481","0.366",54.5
"Rodriguez, Eduardo",593958,"AZ","FF","4-Seam Fastball",-0.8,-5,"674",44.8,"177","0.295","0.519","0.388",24,28.2,26.7,"0.244","0.455","0.338",39.8
"Corbin, Patrick",571578,"TEX","SI","Sinker",0.7,4,"538",32.4,"176","0.248","0.389","0.31",12.9,21,21.5,"0.282","0.463","0.359",51.2
"Patrick, Chad",694477,"MIL","FC","Cutter",0.1,1,"669",42.1,"176","0.274","0.452","0.343",25.5,22.7,19,"0.268","0.464","0.344",40
"Roupp, Landen",694738,"SF","SI","Sinker",-0.7,-5,"670",39,"175","0.346","0.458","0.409",9.6,12.6,19.6,"0.322","0.475","0.385",46.2
"Skubal, Tarik",669373,"DET","CH","Changeup",3.1,19,"593",32.1,"175","0.157","0.203","0.164",47.8,46.3,32.8,"0.163","0.229","0.175",27.2
"Wheeler, Zack",554430,"PHI","FF","4-Seam Fastball",1.7,14,"836",41.5,"174","0.179","0.359","0.272",32.4,35.1,26.3,"0.181","0.335","0.263",41.7
"Strider, Spencer",675911,"ATL","FF","4-Seam Fastball",0,0,"653",54.1,"172","0.247","0.418","0.342",18.2,18,22,"0.276","0.481","0.368",44.9
"Brown, Ben",676962,"CHC","CU","Curveball",-1.3,-7,"526",37.6,"171","0.264","0.428","0.321",43.3,38,27.7,"0.217","0.332","0.264",43.2
"Hendricks, Kyle",543294,"LAA","SI","Sinker",-0.5,-3,"600",37.5,"171","0.286","0.435","0.361",10.8,13.5,14.6,"0.261","0.374","0.314",35.6
"Springs, Jeffrey",605488,"ATH","CH","Changeup",-0.6,-3,"521",26.3,"171","0.208","0.384","0.308",39.1,23.4,17.9,"0.23","0.359","0.276",24.8
"Williams, Gavin",668909,"CLE","FF","4-Seam Fastball",-0.9,-6,"723",38.6,"171","0.284","0.486","0.384",24.6,18.1,15.7,"0.294","0.533","0.397",46.2
"Irvin, Jake",663623,"WSH","FF","4-Seam Fastball",-0.7,-5,"633",32.7,"170","0.221","0.436","0.33",16.5,17.1,13.6,"0.283","0.601","0.41",55
"Luzardo, Jesús",666200,"PHI","FF","4-Seam Fastball",-0.9,-6,"684",34.8,"170","0.311","0.477","0.382",18.1,19.4,17.1,"0.307","0.504","0.386",49.2
"Keller, Mitch",656605,"PIT","FF","4-Seam Fastball",1.7,12,"697",35.9,"170","0.214","0.312","0.272",16.6,18.8,17.8,"0.28","0.421","0.338",39.3
"May, Dustin",669160,"LAD","SI","Sinker",-1.1,-6,"574",36.1,"169","0.294","0.601","0.425",10.4,8.3,20.3,"0.354","0.651","0.465",58.8
"Anderson, Tyler",542881,"LAA","CH","Changeup",-0.8,-5,"624",33.9,"169","0.245","0.437","0.335",40.7,26.6,21.1,"0.226","0.383","0.301",23.4
"Verlander, Justin",434378,"SF","FF","4-Seam Fastball",-1.2,-8,"674",46.9,"168","0.292","0.542","0.41",19.4,13.7,12.8,"0.324","0.603","0.428",44.7
"Bubic, Kris",663460,"KC","FF","4-Seam Fastball",0.8,5,"643",37.2,"168","0.24","0.364","0.302",27.9,26.2,24.6,"0.233","0.372","0.295",36.4
"Woods Richardson, Simeon",680573,"MIN","FF","4-Seam Fastball",0.6,4,"592",46.1,"166","0.232","0.333","0.319",22.3,21.7,22.1,"0.227","0.421","0.341",45.2
"Giolito, Lucas",608337,"BOS","FF","4-Seam Fastball",0.6,4,"641",49.4,"166","0.281","0.397","0.34",19.7,19.9,20.8,"0.297","0.507","0.376",50
"Crochet, Garrett",676979,"BOS","FC","Cutter",1.7,10,"597",28.6,"163","0.237","0.321","0.272",22.9,19.6,22.1,"0.25","0.383","0.292",36
"Smith, Shane",681343,"CWS","FF","4-Seam Fastball",1.4,9,"650",44.9,"163","0.214","0.307","0.293",24.2,22.7,22.3,"0.236","0.378","0.324",38.5
"Roupp, Landen",694738,"SF","CU","Curveball",0.7,4,"634",36.9,"163","0.182","0.301","0.266",35.2,29.4,23.9,"0.179","0.292","0.258",18.4
"Baz, Shane",669358,"TB","CU","Curveball",0.5,3,"510",27.8,"160","0.195","0.282","0.248",26.6,31.9,23.6,"0.208","0.29","0.245",43.4
"Brown, Hunter",686613,"HOU","FF","4-Seam Fastball",1.8,14,"765",40.3,"160","0.154","0.235","0.21",32.2,43.1,27,"0.176","0.285","0.23",38.8
"Fedde, Erick",607200,"STL","SI","Sinker",-0.1,-1,"603",36.2,"159","0.286","0.45","0.367",10.5,14.5,15.6,"0.313","0.491","0.383",52.1
"May, Dustin",669160,"LAD","ST","Sweeper",0.7,5,"655",41.2,"158","0.213","0.307","0.254",28.5,34.8,25.5,"0.203","0.308","0.241",30.2
"Severino, Luis",622663,"ATH","SI","Sinker",0.6,3,"469",22.1,"157","0.243","0.382","0.333",10,13.4,17.8,"0.259","0.368","0.323",42.2
"Elder, Bryce",693821,"ATL","SL","Slider",0.1,1,"549",38.3,"156","0.271","0.444","0.344",28.4,20.5,19.6,"0.284","0.454","0.341",41.6
"Littell, Zack",641793,"TB","FS","Split-Finger",0.2,1,"486",26.5,"155","0.247","0.357","0.272",24.1,22.6,17.3,"0.226","0.332","0.243",36.1
"Kikuchi, Yusei",579328,"LAA","FF","4-Seam Fastball",-1.1,-8,"741",35.2,"155","0.31","0.469","0.372",23.3,27.1,17.1,"0.27","0.463","0.337",52.4
"Littell, Zack",641793,"TB","SL","Slider",-1,-6,"559",30.5,"155","0.305","0.574","0.393",19.1,11,17.5,"0.337","0.651","0.437",47.6
"Márquez, Germán",608566,"COL","FF","4-Seam Fastball",-3.2,-16,"504",31.6,"155","0.336","0.618","0.451",10.3,12.9,14.6,"0.315","0.573","0.416",50.9
"Kelly, Merrill",518876,"AZ","CH","Changeup",1.7,8,"487",25.5,"155","0.176","0.275","0.251",34,29,23.8,"0.233","0.335","0.282",38.1
"Woo, Bryan",693433,"SEA","SI","Sinker",1.4,6,"467",25.7,"155","0.26","0.37","0.313",11.8,15.5,25.3,"0.287","0.426","0.326",48
"Ober, Bailey",641927,"MIN","FF","4-Seam Fastball",0.7,4,"569",38.3,"154","0.261","0.435","0.331",18.3,14.3,14.8,"0.257","0.479","0.337",43
"Gusto, Ryan",687473,"HOU","FF","4-Seam Fastball",0.5,3,"638",46.4,"153","0.2","0.378","0.31",29.3,30.1,21.9,"0.199","0.376","0.297",44.9
"Ferrer, Jose A.",678606,"WSH","SI","Sinker",0.3,2,"561",70.7,"150","0.301","0.406","0.338",15.6,11.3,12.4,"0.287","0.391","0.328",39.7
"Elder, Bryce",693821,"ATL","SI","Sinker",-1.9,-11,"599",41.8,"149","0.313","0.567","0.406",15.7,19.5,22,"0.298","0.527","0.385",54.3
"Singer, Brady",663903,"CIN","SL","Slider",0,0,"556",31.5,"149","0.221","0.393","0.283",27.7,22.8,17,"0.248","0.403","0.299",32.7
"Dollander, Chase",801403,"COL","FF","4-Seam Fastball",-1.9,-11,"596",48.2,"148","0.294","0.588","0.444",21.5,15.5,14.4,"0.286","0.573","0.422",45.5
"Hill, Tim",657612,"NYY","SI","Sinker",0.7,3,"501",80.4,"148","0.239","0.37","0.314",12.4,8.8,11.6,"0.277","0.409","0.322",51.2
"Lord, Brad",695418,"WSH","FF","4-Seam Fastball",0.5,3,"620",55.8,"147","0.252","0.362","0.33",25.2,24.5,18.4,"0.267","0.385","0.331",37.6
"Webb, Logan",657277,"SF","CH","Changeup",1.6,7,"460",21.8,"147","0.213","0.305","0.249",33.8,34.7,27.3,"0.236","0.333","0.263",47.8
"Hicks, Jordan",663855,"BOS","SI","Sinker",-0.8,-4,"508",54.9,"145","0.304","0.44","0.388",9.5,12.4,19.1,"0.297","0.402","0.353",48.1
"Pepiot, Ryan",686752,"TB","CH","Changeup",0.2,1,"461",24.2,"145","0.203","0.362","0.266",30.3,30.3,20.9,"0.235","0.4","0.288",42.1
"Greene, Hunter",668881,"CIN","FF","4-Seam Fastball",1.6,9,"561",57.4,"145","0.222","0.363","0.279",21.3,26.2,17.7,"0.23","0.415","0.299",49
"Spence, Mitch",687765,"ATH","FC","Cutter",-0.5,-3,"549",46.1,"144","0.287","0.519","0.398",20.3,13.9,16.7,"0.294","0.551","0.387",47.7
"Schwellenbach, Spencer",680885,"ATL","FF","4-Seam Fastball",1.8,10,"556",35.3,"144","0.217","0.341","0.261",27.1,23.6,21.4,"0.285","0.469","0.333",56.2
"Irvin, Jake",663623,"WSH","CU","Curveball",-0.8,-5,"597",30.9,"144","0.248","0.519","0.374",24.1,24.3,17.9,"0.267","0.534","0.365",42.9
"Quintana, Jose",500779,"MIL","SI","Sinker",0.1,0,"575",45.1,"143","0.264","0.432","0.36",13.6,18.2,18.7,"0.274","0.474","0.362",52
"Hanifee, Brenan",669724,"DET","SI","Sinker",0,0,"504",65.5,"143","0.261","0.396","0.344",13.2,11.9,17.2,"0.277","0.424","0.321",44.9
"Yamamoto, Yoshinobu",808967,"LAD","FS","Split-Finger",0.7,3,"464",25.7,"143","0.148","0.281","0.223",40.3,41.3,26,"0.163","0.263","0.211",39.5
"Soroka, Michael",647336,"WSH","FF","4-Seam Fastball",-0.5,-3,"590",44.8,"143","0.266","0.523","0.377",21.2,20.3,18.1,"0.252","0.445","0.338",47.5
"Hancock, Emerson",676106,"SEA","SI","Sinker",-0.8,-4,"468",37.6,"142","0.306","0.479","0.392",8.4,7.7,13.9,"0.32","0.454","0.387",45.5
"Alcantara, Sandy",645261,"MIA","SI","Sinker",2,9,"431",24,"140","0.256","0.355","0.314",9.4,7.1,10.8,"0.293","0.447","0.36",43.9
"Wacha, Michael",608379,"KC","CH","Changeup",3.3,16,"469",26.7,"140","0.15","0.189","0.197",31,25,17.9,"0.179","0.238","0.224",17.2
"Gray, Sonny",543243,"STL","ST","Sweeper",0.7,2,"352",20.5,"139","0.168","0.263","0.194",41.7,50.4,28.2,"0.177","0.29","0.203",33.8
"Sale, Chris",519242,"ATL","FF","4-Seam Fastball",-0.5,-3,"627",42.2,"139","0.331","0.5","0.403",22.2,19.4,17.2,"0.289","0.447","0.365",43
"Horton, Cade",690990,"CHC","FF","4-Seam Fastball",-0.8,-4,"502",49.8,"139","0.347","0.446","0.383",13.1,10.8,13.8,"0.336","0.566","0.415",50.9
"Kahnle, Tommy",592454,"DET","CH","Changeup",0.6,3,"546",85.2,"139","0.217","0.388","0.297",24.4,20.1,20,"0.249","0.43","0.319",35.6
"Imanaga, Shota",684007,"CHC","FF","4-Seam Fastball",-0.7,-4,"600",49.8,"138","0.246","0.582","0.378",16,8,7.4,"0.267","0.602","0.395",45.1
"Skubal, Tarik",669373,"DET","FF","4-Seam Fastball",1.7,9,"500",27.1,"138","0.19","0.278","0.236",29.7,33.3,20.4,"0.216","0.378","0.286",32.1
"Corbin, Patrick",571578,"TEX","SL","Slider",-0.3,-2,"588",35.5,"137","0.248","0.398","0.287",37.6,24.8,17,"0.25","0.39","0.283",32
"Imanaga, Shota",684007,"CHC","FS","Split-Finger",1.5,6,"420",34.9,"136","0.218","0.308","0.251",30.6,23.5,19.8,"0.222","0.369","0.262",35.6
"Peterson, David",656849,"NYM","SI","Sinker",1.3,7,"511",28.7,"136","0.252","0.322","0.325",9.6,5.9,13.8,"0.275","0.358","0.337",45.4
"Yamamoto, Yoshinobu",808967,"LAD","FF","4-Seam Fastball",1.7,12,"685",38,"136","0.192","0.258","0.259",15.9,25,21.7,"0.235","0.362","0.305",52.9
"Severino, Luis",622663,"ATH","ST","Sweeper",-0.5,-3,"517",24.3,"135","0.202","0.361","0.298",21.3,26.7,17.7,"0.224","0.373","0.304",31
"Birdsong, Hayden",806185,"SF","FF","4-Seam Fastball",-0.1,0,"527",44.1,"135","0.204","0.466","0.362",21.1,17,16.4,"0.214","0.458","0.373",44.6
"Severino, Luis",622663,"ATH","FF","4-Seam Fastball",-0.3,-1,"564",26.5,"135","0.286","0.429","0.331",20,20,15.1,"0.306","0.509","0.367",57.4
"Houser, Adrian",605288,"CWS","SI","Sinker",1.6,7,"456",45.6,"135","0.26","0.374","0.315",7.1,11.1,17.4,"0.287","0.393","0.329",48.1
"Márquez, Germán",608566,"COL","CU","Curveball",-0.8,-4,"498",31.2,"134","0.202","0.372","0.3",38.1,36.6,22.3,"0.218","0.36","0.262",42.5
"Clase, Emmanuel",661403,"CLE","FC","Cutter",1,5,"493",68.6,"133","0.273","0.355","0.301",30.5,22.6,23.1,"0.245","0.361","0.29",41.1
"Boyd, Matthew",571510,"CHC","CH","Changeup",0.9,4,"405",22.7,"133","0.208","0.352","0.286",31.5,21.8,19.9,"0.208","0.343","0.26",29.9
"Leiter, Jack",683004,"TEX","FF","4-Seam Fastball",0,0,"496",33.6,"133","0.2","0.327","0.315",22,24.1,16.8,"0.244","0.455","0.365",48.7
"Pallante, Andre",669467,"STL","SL","Slider",0.9,4,"504",28.2,"132","0.2","0.308","0.263",35.8,23.5,18.1,"0.239","0.327","0.285",40.4
"Mahle, Tyler",641816,"TEX","FF","4-Seam Fastball",0.6,3,"609",49.3,"132","0.207","0.319","0.284",23.1,22.7,14.4,"0.259","0.46","0.352",48.8
"Taillon, Jameson",592791,"CHC","FF","4-Seam Fastball",0.1,1,"576",38.6,"132","0.221","0.467","0.318",17.2,16.7,12.7,"0.287","0.563","0.386",51
"Castillo, Luis",622491,"SEA","SI","Sinker",-0.2,-1,"413",20.5,"132","0.328","0.434","0.364",12.1,9.1,14.6,"0.338","0.463","0.372",50.9
"Holmes, Grant",656550,"ATL","FF","4-Seam Fastball",-2,-13,"620",32.9,"132","0.327","0.654","0.463",16.9,17.4,16.2,"0.31","0.622","0.445",48.2
"Rogers, Tyler",643511,"SF","SI","Sinker",3.5,15,"421",74.1,"131","0.197","0.252","0.209",16.8,15.3,20,"0.238","0.301","0.249",34.6
"Gallen, Zac",668678,"AZ","CU","Curveball",-0.8,-4,"482",24.3,"131","0.229","0.449","0.343",42.9,44.3,30.5,"0.191","0.373","0.287",50.8
"Peterson, David",656849,"NYM","SL","Slider",1.3,5,"370",20.8,"130","0.2","0.288","0.241",35.4,40,31.3,"0.222","0.357","0.265",50.7
"Freeland, Kyle",607536,"COL","FF","4-Seam Fastball",-2.3,-10,"452",28.4,"130","0.373","0.644","0.461",11.1,11.5,13,"0.344","0.594","0.416",46.7
"Vásquez, Randy",681190,"SD","FC","Cutter",-1.9,-8,"440",27.2,"130","0.283","0.481","0.39",17.9,13.1,15,"0.283","0.542","0.41",31.1
"Lodolo, Nick",666157,"CIN","CU","Curveball",-0.3,-2,"537",28.1,"129","0.214","0.359","0.28",37.5,35.7,20.3,"0.149","0.29","0.227",34.2
"Paddack, Chris",663978,"MIN","CH","Changeup",-0.5,-2,"434",23.4,"129","0.237","0.415","0.313",25.4,17.1,13.9,"0.257","0.451","0.337",42.9
"Webb, Logan",657277,"SF","ST","Sweeper",-1.2,-6,"545",25.8,"128","0.31","0.457","0.369",29.2,21.9,17.8,"0.276","0.444","0.331",30.8
"Santillan, Tony",663574,"CIN","FF","4-Seam Fastball",1.1,6,"506",64.1,"128","0.19","0.319","0.284",21.8,20.3,15.4,"0.275","0.429","0.338",50
"Allen, Logan",671106,"CLE","FF","4-Seam Fastball",-0.1,-1,"577",33.1,"128","0.273","0.455","0.362",24.4,18,14.8,"0.249","0.409","0.337",42.7
"Bibee, Tanner",676440,"CLE","FF","4-Seam Fastball",-0.2,-1,"510",26.8,"128","0.267","0.466","0.352",14.4,12.5,11.4,"0.302","0.536","0.386",44.6
"Fedde, Erick",607200,"STL","FC","Cutter",-1,-5,"458",27.5,"128","0.322","0.565","0.406",20.2,13.3,16.5,"0.309","0.575","0.401",45
"Kinley, Tyler",641755,"COL","SL","Slider",0.4,2,"528",61.8,"127","0.228","0.351","0.292",34.6,25.2,20.4,"0.242","0.382","0.303",26.2
"Burke, Sean",680732,"CWS","SL","Slider",-0.7,-3,"421",24.4,"126","0.241","0.474","0.346",25.3,15.1,17,"0.285","0.549","0.369",41.4
"Rasmussen, Drew",656876,"TB","FF","4-Seam Fastball",0.7,4,"486",33.2,"126","0.267","0.422","0.329",22.4,26.2,20.1,"0.256","0.401","0.314",48.2
"Berríos, José",621244,"TOR","SV","Slurve",0,0,"515",27,"126","0.209","0.374","0.287",33.8,27.8,21.9,"0.236","0.426","0.317",36.3
"Lodolo, Nick",666157,"CIN","FF","4-Seam Fastball",-0.5,-3,"543",28.4,"126","0.217","0.442","0.301",19.3,26.2,19,"0.247","0.503","0.33",44.3
"Eovaldi, Nathan",543135,"TEX","FS","Split-Finger",1.9,8,"430",29.8,"126","0.172","0.25","0.218",36.8,33.3,26.1,"0.221","0.341","0.271",38.7
"Wacha, Michael",608379,"KC","FF","4-Seam Fastball",-0.6,-3,"516",29.3,"125","0.303","0.45","0.375",15.1,16.8,15.1,"0.316","0.531","0.399",42.7
"Megill, Tylor",656731,"NYM","FF","4-Seam Fastball",0.7,4,"521",42.2,"125","0.226","0.377","0.32",29.6,35.2,27.3,"0.229","0.389","0.338",50.8
"Matz, Steven",571927,"STL","SI","Sinker",1.9,9,"510",59.6,"124","0.248","0.299","0.273",18.6,22.6,18.4,"0.246","0.369","0.284",44.4
"Senga, Kodai",673540,"NYM","FS","Split-Finger",2.1,8,"378",28.7,"124","0.107","0.161","0.188",43.2,44.4,26.6,"0.129","0.21","0.199",22.8
"Hurter, Brant",676428,"DET","SI","Sinker",0.5,2,"438",51.7,"124","0.263","0.354","0.359",12.3,14.5,19.4,"0.286","0.413","0.37",44
"Ober, Bailey",641927,"MIN","CH","Changeup",-0.3,-1,"419",28.2,"123","0.239","0.41","0.292",30.3,26,17.8,"0.208","0.357","0.256",26.7
"Priester, Quinn",682990,"MIL","SL","Slider",0.7,3,"452",28.4,"123","0.186","0.398","0.29",35.1,18.7,14.3,"0.204","0.351","0.271",35.2
"Sugano, Tomoyuki",608372,"BAL","FS","Split-Finger",1.1,4,"409",24.6,"123","0.208","0.283","0.234",26.4,25.2,19.7,"0.265","0.436","0.309",28.1
"Canning, Griffin",656288,"NYM","SL","Slider",-0.3,-1,"423",31.5,"123","0.277","0.42","0.346",33.5,22,18.4,"0.274","0.465","0.349",44.7
"Pfaadt, Brandon",694297,"AZ","FF","4-Seam Fastball",-0.2,-1,"537",29.1,"123","0.266","0.459","0.35",17.2,14.6,12.9,"0.347","0.712","0.468",54.3
"Smith, Cade",671922,"CLE","FF","4-Seam Fastball",1.4,7,"524",70.1,"122","0.187","0.327","0.279",33.3,34.4,30.9,"0.183","0.291","0.26",40.9
"Liberatore, Matthew",669461,"STL","FF","4-Seam Fastball",-0.6,-3,"415",27.1,"122","0.319","0.509","0.382",14,17.2,17.9,"0.298","0.529","0.365",46.9
"Meyer, Max",676974,"MIA","SL","Slider",0.5,2,"365",35.1,"122","0.209","0.382","0.284",42.4,41.8,32.3,"0.225","0.39","0.309",55.7
"Lodolo, Nick",666157,"CIN","SI","Sinker",0.7,3,"413",21.6,"122","0.303","0.404","0.348",15.1,15.6,17.4,"0.311","0.449","0.362",53.8
"Pfaadt, Brandon",694297,"AZ","SI","Sinker",1.2,5,"393",21.3,"121","0.27","0.4","0.319",10.1,18.2,22,"0.316","0.486","0.359",59.6
"Burnes, Corbin",669203,"AZ","FC","Cutter",0.3,2,"554",54.9,"121","0.257","0.446","0.367",21.7,14,14.9,"0.265","0.414","0.354",43.5
"Gore, MacKenzie",669022,"WSH","CU","Curveball",0.4,2,"488",23.9,"121","0.206","0.299","0.271",39.4,43.8,24.9,"0.185","0.281","0.254",36.4
"Mize, Casey",663554,"DET","FF","4-Seam Fastball",1.1,5,"479",32.8,"121","0.216","0.36","0.278",22.5,22.3,18.8,"0.241","0.453","0.321",52.9
"Lodolo, Nick",666157,"CIN","CH","Changeup",1.8,8,"421",22,"121","0.177","0.301","0.256",23.5,10.7,14.1,"0.275","0.447","0.33",34.7
"Ray, Robbie",592662,"SF","SL","Slider",1,5,"455",22.8,"119","0.177","0.345","0.254",31.1,25.2,21,"0.221","0.373","0.275",53
"Flaherty, Jack",656427,"DET","CU","Curveball",0.4,2,"472",25.9,"118","0.18","0.306","0.237",46.6,49.2,28.6,"0.155","0.247","0.203",32.1
"Estrada, Jeremiah",669093,"SD","FF","4-Seam Fastball",0.3,2,"455",62.4,"118","0.257","0.416","0.338",25.4,27.1,21.3,"0.229","0.402","0.317",42.5
"Jansen, Kenley",445276,"LAA","FC","Cutter",1.5,7,"460",81.4,"118","0.183","0.321","0.271",23.8,21.2,22.3,"0.239","0.5","0.337",51.8
"Cannon, Jonathan",686563,"CWS","SI","Sinker",-2,-7,"343",22.8,"117","0.317","0.538","0.424",7.7,10.3,14.5,"0.325","0.556","0.408",54.8
"Morejon, Adrian",670970,"SD","SI","Sinker",3.1,12,"371",59.4,"116","0.187","0.224","0.221",16.1,20.7,25.3,"0.203","0.262","0.232",28.2
"Harris, Hogan",663687,"ATH","FF","4-Seam Fastball",-0.7,-3,"435",55.7,"116","0.289","0.412","0.37",20.8,21.6,17.7,"0.27","0.385","0.347",35.6
"Lauer, Eric",641778,"TOR","FF","4-Seam Fastball",1.3,6,"482",45.8,"116","0.183","0.349","0.248",20.3,28.4,18.9,"0.203","0.36","0.266",38.2
"King, John",667463,"STL","SI","Sinker",-0.2,-1,"390",60.5,"116","0.299","0.421","0.365",16.2,11.2,15.3,"0.313","0.45","0.357",46.8
"Mize, Casey",663554,"DET","FS","Split-Finger",-1.9,-7,"377",25.8,"116","0.297","0.486","0.382",29.1,25,19.1,"0.256","0.402","0.299",42.7
"Allen, Logan",671106,"CLE","ST","Sweeper",-1.5,-6,"416",23.9,"115","0.221","0.394","0.316",22.6,27.8,19.8,"0.209","0.417","0.302",31.5
"Scott, Tanner",656945,"LAD","FF","4-Seam Fastball",0.3,1,"404",57.5,"115","0.22","0.459","0.3",23.5,26.1,23.1,"0.258","0.461","0.325",48.8
"Martinez, Nick",607259,"CIN","FC","Cutter",-0.2,-1,"384",20.6,"115","0.263","0.485","0.373",19.5,16.5,26.8,"0.284","0.471","0.375",38.8
"Schmidt, Clarke",657376,"NYY","FC","Cutter",0.7,4,"496",40.5,"115","0.245","0.429","0.338",23.8,14.8,14.3,"0.227","0.38","0.313",36.1
"Gray, Sonny",543243,"STL","SI","Sinker",-0.1,0,"339",19.7,"115","0.296","0.546","0.378",15.9,27.8,30.2,"0.269","0.451","0.33",43.4
"Mlodzinski, Carmen",669387,"PIT","FF","4-Seam Fastball",-0.9,-4,"401",37.9,"115","0.293","0.515","0.39",17.2,14.8,13.9,"0.268","0.476","0.365",50.6
"Alcantara, Sandy",645261,"MIA","FF","4-Seam Fastball",-1.8,-7,"405",22.6,"114","0.313","0.566","0.397",14.4,23.7,15.2,"0.28","0.516","0.368",64
"Ortiz, Luis L.",682847,"CLE","FF","4-Seam Fastball",-0.4,-2,"444",29.6,"114","0.242","0.4","0.354",32.3,31.6,25.4,"0.237","0.449","0.357",50.8
"Liberatore, Matthew",669461,"STL","SL","Slider",0.9,3,"342",22.4,"113","0.231","0.343","0.262",34,31.9,22.8,"0.238","0.39","0.285",39.7
"Kremer, Dean",665152,"BAL","FF","4-Seam Fastball",-0.6,-3,"484",25.1,"113","0.272","0.476","0.352",16.2,16.8,13,"0.281","0.509","0.367",51.2
"Pivetta, Nick",601713,"SD","CU","Curveball",0.7,3,"416",22.2,"113","0.224","0.355","0.277",17.8,22.1,17.6,"0.296","0.509","0.357",41
"Ashcraft, Graham",668933,"CIN","FC","Cutter",-1.5,-6,"396",57.9,"113","0.319","0.457","0.404",17.8,11.5,16.9,"0.31","0.474","0.391",36.1
"Márquez, Germán",608566,"COL","SI","Sinker",-1,-4,"379",23.7,"113","0.364","0.505","0.403",4.8,0,0,"0.34","0.497","0.377",49.5
"Mikolas, Miles",571945,"STL","SL","Slider",-0.5,-2,"370",23,"112","0.274","0.509","0.35",19,11.6,16.9,"0.306","0.558","0.378",42.1
"Skubal, Tarik",669373,"DET","SI","Sinker",2,10,"475",25.7,"112","0.25","0.37","0.284",20.6,19.6,30.1,"0.259","0.408","0.299",36
"Rasmussen, Drew",656876,"TB","FC","Cutter",2.1,10,"458",31.3,"111","0.175","0.272","0.223",26.7,18,14.7,"0.243","0.385","0.294",45.2
"Rasmussen, Drew",656876,"TB","SI","Sinker",1,3,"364",24.9,"111","0.208","0.317","0.277",12.7,19.8,19,"0.27","0.408","0.327",41.8
"Fedde, Erick",607200,"STL","ST","Sweeper",-0.7,-3,"427",25.6,"110","0.191","0.33","0.296",27.1,19.1,13.7,"0.235","0.45","0.346",36.5
"Crochet, Garrett",676979,"BOS","ST","Sweeper",4,11,"273",13.1,"110","0.12","0.148","0.129",36.2,47.3,29.7,"0.143","0.196","0.156",25
"Romano, Jordan",605447,"PHI","SL","Slider",0.7,2,"372",62.1,"110","0.238","0.406","0.297",29.9,26.4,25,"0.207","0.368","0.275",37.8
"Doval, Camilo",666808,"SF","SL","Slider",1.4,5,"381",52.6,"110","0.175","0.227","0.246",38.8,32.7,25.9,"0.197","0.284","0.264",37.7
"Irvin, Jake",663623,"WSH","SI","Sinker",0.8,3,"379",19.6,"110","0.3","0.33","0.346",8.6,10,19.6,"0.267","0.384","0.317",42.7
"Kremer, Dean",665152,"BAL","FC","Cutter",-0.2,-1,"374",19.4,"110","0.225","0.431","0.316",21.5,18.2,18.5,"0.244","0.453","0.325",31.7
"Luzardo, Jesús",666200,"PHI","ST","Sweeper",1.6,8,"528",26.8,"110","0.186","0.284","0.239",45.7,47.3,30.4,"0.156","0.227","0.204",28
"Latz, Jacob",656641,"TEX","FF","4-Seam Fastball",1.2,5,"434",49.7,"110","0.196","0.361","0.285",25.4,22.7,18,"0.253","0.471","0.347",50.7
"Strider, Spencer",675911,"ATL","SL","Slider",0.6,3,"441",36.5,"109","0.165","0.309","0.249",52.7,48.6,31.2,"0.176","0.3","0.251",40
"Eovaldi, Nathan",543135,"TEX","FF","4-Seam Fastball",1,4,"398",27.6,"109","0.26","0.38","0.31",12.3,13.8,12.5,"0.3","0.481","0.36",44.8
"Springs, Jeffrey",605488,"ATH","SL","Slider",0.4,2,"458",23.1,"109","0.253","0.453","0.353",20.6,11.9,15.3,"0.304","0.51","0.386",45.8
"Martinez, Nick",607259,"CIN","FF","4-Seam Fastball",-0.1,0,"410",22,"108","0.273","0.475","0.327",11.2,13,10.5,"0.306","0.537","0.371",43.8
"Dobbins, Hunter",690928,"BOS","FF","4-Seam Fastball",-0.5,-2,"377",40.5,"108","0.316","0.453","0.398",11.9,12,15.3,"0.284","0.49","0.373",46.3
"Cecconi, Slade",677944,"CLE","FF","4-Seam Fastball",-0.8,-3,"428",40.5,"107","0.333","0.566","0.4",15,13.1,13,"0.335","0.6","0.415",55.8
"Soriano, José",667755,"LAA","CU","Curveball",0.1,1,"545",26.7,"107","0.189","0.295","0.289",42.6,36.4,25.2,"0.17","0.273","0.246",17.9
"Soroka, Michael",647336,"WSH","SV","Slurve",1.9,9,"460",34.9,"107","0.117","0.223","0.205",38.6,43.9,28.8,"0.135","0.205","0.21",29.2
"King, Bryan",687911,"HOU","FF","4-Seam Fastball",0.9,4,"408",61.2,"107","0.25","0.37","0.307",23.8,27.1,21.3,"0.241","0.377","0.294",30.6
"Morton, Charlie",450203,"BAL","FF","4-Seam Fastball",-2.3,-11,"502",29.6,"106","0.271","0.576","0.407",24.8,23.6,14.9,"0.197","0.433","0.333",44.4
"Dreyer, Jack",676263,"LAD","SL","Slider",1.9,7,"353",44.5,"106","0.186","0.268","0.221",31.6,29.2,22.6,"0.194","0.273","0.231",37.7
"Leiter, Jack",683004,"TEX","SL","Slider",1,4,"388",26.3,"106","0.222","0.394","0.292",25.2,17,15,"0.246","0.441","0.317",35.8
"Pagán, Emilio",641941,"CIN","FF","4-Seam Fastball",0.9,4,"413",62.6,"106","0.16","0.351","0.277",25.2,25.5,21.8,"0.194","0.437","0.313",49.3
"Suárez, Ranger",624133,"PHI","SI","Sinker",0.5,2,"379",28.7,"106","0.302","0.375","0.336",6,21.7,23.5,"0.263","0.369","0.313",39.7
"Keller, Mitch",656605,"PIT","ST","Sweeper",1.3,4,"335",17.3,"105","0.19","0.28","0.236",23.3,23.8,18.2,"0.216","0.405","0.282",45.3
"López, Pablo",641154,"MIN","FF","4-Seam Fastball",1.5,6,"430",42.7,"105","0.268","0.351","0.311",22.4,19,16.8,"0.295","0.422","0.338",42.9
"Mahle, Tyler",641816,"TEX","FS","Split-Finger",1.1,4,"335",27.1,"104","0.198","0.292","0.251",22.7,19.2,16.9,"0.255","0.395","0.31",28.6
"Quantrill, Cal",615698,"MIA","FC","Cutter",2.7,10,"354",22.4,"104","0.227","0.371","0.288",21.4,23.1,26.1,"0.277","0.494","0.352",50.7
"Pfaadt, Brandon",694297,"AZ","ST","Sweeper",-1.1,-5,"399",21.6,"104","0.26","0.469","0.348",33.7,32.7,21,"0.248","0.439","0.322",33.9
"Povich, Cade",700249,"BAL","FF","4-Seam Fastball",0.1,0,"429",37.2,"104","0.261","0.435","0.339",19.7,26,24.5,"0.325","0.695","0.46",58.2
"Johnson, Pierce",572955,"ATL","CU","Curveball",0.1,1,"424",70.8,"104","0.242","0.424","0.297",28.3,24,17.7,"0.214","0.394","0.277",42.7
"Vargas, Carlos",672841,"SEA","SI","Sinker",1.2,5,"424",60.1,"104","0.283","0.283","0.317",13.4,9.6,18.2,"0.274","0.339","0.314",36.1
"Berríos, José",621244,"TOR","CH","Changeup",1.2,4,"310",16.3,"104","0.191","0.319","0.265",35,29.8,24.6,"0.213","0.416","0.306",33.3
"Bibee, Tanner",676440,"CLE","SI","Sinker",-0.7,-2,"321",16.9,"104","0.284","0.442","0.35",11.3,20.2,22.6,"0.224","0.354","0.287",40.5
"Bassitt, Chris",605135,"TOR","FC","Cutter",0.2,1,"374",19.2,"103","0.192","0.424","0.269",28.6,37.9,23.5,"0.193","0.403","0.268",28.3
"Flaherty, Jack",656427,"DET","SL","Slider",-0.8,-3,"404",22.1,"103","0.244","0.422","0.345",30.3,22.3,18.7,"0.276","0.471","0.366",50.7
"Abreu, Bryan",650556,"HOU","SL","Slider",1.5,5,"364",48.3,"103","0.187","0.286","0.279",48.8,41.7,38.1,"0.211","0.355","0.295",43.8
"Little, Brendon",663893,"TOR","CU","Curveball",1.9,8,"419",49.1,"103","0.146","0.167","0.185",55.8,56.3,27.8,"0.12","0.169","0.163",42.1
"Martin, Davis",663436,"CWS","CH","Changeup",0.2,1,"307",23.1,"103","0.218","0.337","0.283",18.7,16.5,14.9,"0.33","0.447","0.342",54.8
"Verlander, Justin",434378,"SF","SL","Slider",-0.7,-3,"352",24.5,"103","0.277","0.415","0.335",30.8,26.2,17.1,"0.219","0.371","0.284",38.2
"Kremer, Dean",665152,"BAL","SI","Sinker",1.1,4,"366",19,"103","0.272","0.391","0.332",10.1,17.5,19.8,"0.275","0.429","0.343",36.5
"Casparius, Ben",676508,"LAD","ST","Sweeper",0.2,1,"339",31.9,"103","0.242","0.364","0.283",27.6,29.1,20,"0.241","0.379","0.277",31.4
"Luzardo, Jesús",666200,"PHI","CH","Changeup",-0.3,-1,"370",18.8,"103","0.269","0.398","0.341",34,17.5,15,"0.263","0.389","0.322",28
"Martinez, Nick",607259,"CIN","CH","Changeup",-1.6,-6,"359",19.3,"102","0.235","0.48","0.311",30.1,24.5,18.1,"0.212","0.374","0.263",25.7
"Sears, JP",676664,"ATH","ST","Sweeper",1.8,9,"505",27.4,"102","0.189","0.316","0.251",25.4,24.5,19.4,"0.177","0.283","0.223",23.9
"Bubic, Kris",663460,"KC","ST","Sweeper",1.5,6,"369",21.3,"102","0.194","0.286","0.235",27,30.4,26.5,"0.202","0.256","0.218",32.8
"Burrows, Mike",681347,"PIT","FF","4-Seam Fastball",-0.3,-1,"376",43.7,"102","0.311","0.5","0.376",15.1,12.7,16.7,"0.29","0.483","0.359",46.8
"Bubic, Kris",663460,"KC","CH","Changeup",0.9,3,"369",21.3,"102","0.189","0.233","0.26",38.6,25.5,20.8,"0.192","0.263","0.256",38.5
"Kershaw, Clayton",477132,"LAD","SL","Slider",-0.2,-1,"345",40.5,"101","0.293","0.478","0.369",29.3,16.8,17.7,"0.295","0.467","0.355",52.6
"Kelly, Merrill",518876,"AZ","FF","4-Seam Fastball",-0.4,-2,"484",25.3,"101","0.234","0.596","0.366",22.8,22.8,18,"0.24","0.54","0.352",53.5
"Canning, Griffin",656288,"NYM","CH","Changeup",1.7,5,"311",23.2,"101","0.196","0.239","0.258",22.1,16.8,16.2,"0.256","0.356","0.302",42.7
"Hader, Josh",623352,"HOU","SI","Sinker",0.3,1,"411",54.9,"101","0.172","0.46","0.31",30,29.7,21.9,"0.163","0.349","0.273",37.3
"Green, Chad",643338,"TOR","FF","4-Seam Fastball",-1.9,-6,"333",50.2,"100","0.29","0.57","0.381",22.8,20,19.6,"0.271","0.591","0.384",58.9
"Vasil, Mike",678024,"CWS","SI","Sinker",2.2,8,"367",36.3,"100","0.205","0.261","0.276",13.1,13,22,"0.227","0.32","0.291",37.3
"Wilson, Steven",621051,"CWS","ST","Sweeper",1.1,4,"366",60.6,"100","0.218","0.299","0.273",28.5,19,17.9,"0.268","0.424","0.343",33.8
"Finnegan, Kyle",640448,"WSH","FF","4-Seam Fastball",0.4,2,"378",66,"100","0.241","0.414","0.334",17.1,19,17.4,"0.244","0.423","0.331",42.3
"Littell, Zack",641793,"TB","FF","4-Seam Fastball",1.3,5,"420",22.9,"100","0.208","0.427","0.278",21.4,21,19.4,"0.252","0.516","0.34",42.1
"Wheeler, Zack",554430,"PHI","SI","Sinker",0.4,1,"358",17.8,"100","0.24","0.406","0.314",13.9,21,22.6,"0.229","0.354","0.268",30.7
"Lopez, Jacob",682052,"ATH","SL","Slider",1.1,4,"350",31.6,"100","0.209","0.363","0.285",31.8,29,20.4,"0.195","0.336","0.268",27.4
"Uribe, Abner",682842,"MIL","SL","Slider",0.9,3,"372",47.8,"100","0.156","0.244","0.234",47.9,45,28.8,"0.145","0.2","0.203",17.8
"Walker, Ryan",676254,"SF","SI","Sinker",0.9,4,"388",60.6,"99","0.264","0.341","0.298",13.9,24.2,23.8,"0.258","0.369","0.3",42.6
"Weaver, Luke",596133,"NYY","FF","4-Seam Fastball",1.4,5,"356",60.3,"99","0.156","0.333","0.252",23.7,25.3,25,"0.182","0.403","0.283",43.9
"Patrick, Chad",694477,"MIL","SI","Sinker",1.3,5,"361",22.7,"99","0.225","0.348","0.293",10.8,18.2,18.9,"0.244","0.397","0.316",56.3
"Bradley, Taj",671737,"TB","FC","Cutter",0.6,2,"389",21.8,"99","0.242","0.363","0.29",30.2,16.2,18.8,"0.266","0.48","0.34",38.2
"Mikolas, Miles",571945,"STL","FF","4-Seam Fastball",-0.9,-4,"456",28.3,"99","0.326","0.652","0.432",18.7,12.1,9.4,"0.294","0.716","0.441",51.2
"Palencia, Daniel",694037,"CHC","FF","4-Seam Fastball",1.8,7,"403",73.1,"99","0.169","0.27","0.242",24,25.3,21,"0.24","0.389","0.304",49.2
"Suárez, Ranger",624133,"PHI","CH","Changeup",1.9,6,"297",22.5,"99","0.17","0.202","0.201",38,29.3,23.4,"0.191","0.268","0.223",16.9
"Gordon, Colton",676467,"HOU","FF","4-Seam Fastball",-0.5,-2,"379",39.9,"98","0.283","0.522","0.352",15.2,19.4,17.4,"0.291","0.48","0.341",48
"Brazobán, Huascar",623211,"NYM","CH","Changeup",-0.9,-3,"310",38.1,"98","0.238","0.405","0.331",34.2,31.6,21.8,"0.213","0.358","0.305",40.7
"Warren, Will",701542,"NYY","SI","Sinker",1.4,5,"372",20.2,"98","0.247","0.326","0.3",14.1,22.4,36.7,"0.263","0.365","0.306",54.4
"Ginn, J.T.",669372,"ATH","SI","Sinker",0.6,2,"359",56.3,"98","0.27","0.404","0.338",16.5,23.5,21.9,"0.252","0.397","0.316",47
"Keller, Mitch",656605,"PIT","SL","Slider",-1,-3,"324",16.7,"98","0.311","0.467","0.365",26.5,17.3,16.2,"0.283","0.405","0.328",42.5
"Koenig, Jared",657649,"MIL","SI","Sinker",0.7,3,"373",55.9,"98","0.233","0.337","0.301",18.6,23.5,19.8,"0.206","0.323","0.273",35.4
"Brown, Hunter",686613,"HOU","SI","Sinker",0.9,4,"376",19.8,"97","0.277","0.349","0.337",18.5,13.4,17.8,"0.282","0.371","0.343",17.1
"Okert, Steven",595345,"HOU","SL","Slider",3,11,"355",55,"97","0.133","0.244","0.172",41.6,37.1,32.1,"0.163","0.281","0.205",27.6
"Schwellenbach, Spencer",680885,"ATL","SL","Slider",-2,-6,"285",18.1,"97","0.253","0.451","0.321",34.4,28.9,23.5,"0.233","0.358","0.272",40
"Estévez, Carlos",608032,"KC","FF","4-Seam Fastball",0.9,3,"338",51.4,"97","0.221","0.395","0.304",19.2,27.8,24.5,"0.227","0.473","0.333",45
"Wentz, Joey",666214,"ATL","FF","4-Seam Fastball",-1,-4,"394",46.7,"97","0.26","0.377","0.374",18.4,13.4,11,"0.291","0.472","0.401",46.2
"Stanek, Ryne",592773,"NYM","FF","4-Seam Fastball",0.2,1,"383",57.8,"96","0.262","0.369","0.336",24.3,22.9,17.2,"0.253","0.445","0.346",43.5
"Henry, Cole",669371,"WSH","FF","4-Seam Fastball",1,3,"337",51.9,"96","0.222","0.37","0.323",32.3,27.1,24.3,"0.212","0.409","0.331",36.4
"Williams, Trevor",592866,"WSH","ST","Sweeper",0.3,1,"403",27.8,"96","0.247","0.371","0.284",28.3,25,17.5,"0.214","0.309","0.254",25.4
"Vest, Will",676684,"DET","FF","4-Seam Fastball",1.3,6,"419",56.9,"96","0.176","0.271","0.243",26.4,32.3,20.1,"0.201","0.334","0.279",52.7
"Lorenzen, Michael",547179,"KC","FF","4-Seam Fastball",-1.1,-4,"382",23.7,"96","0.261","0.477","0.338",15.9,21.9,18.8,"0.266","0.522","0.362",52.9
"Peralta, Freddy",642547,"MIL","CH","Changeup",1,4,"425",20.2,"96","0.198","0.279","0.261",32.7,22.9,19.3,"0.199","0.306","0.268",32.3
"Blewett, Scott",656240,"BAL","SL","Slider",-1.9,-6,"314",44.2,"96","0.302","0.5","0.383",34.3,19.8,21.8,"0.252","0.413","0.323",42.6
"Kolek, Stephen",663568,"SD","SI","Sinker",0.1,0,"268",23.6,"96","0.306","0.318","0.344",12.6,9.4,16.1,"0.284","0.365","0.33",51.3
"Pomeranz, Drew",519141,"CHC","FF","4-Seam Fastball",1.8,6,"347",77.1,"95","0.193","0.241","0.248",21.3,27.4,23.9,"0.247","0.409","0.333",46.6
"Williams, Gavin",668909,"CLE","ST","Sweeper",0.9,4,"404",21.6,"95","0.18","0.236","0.217",42.6,42.1,24,"0.181","0.286","0.233",34
"Freeland, Kyle",607536,"COL","CU","Curveball",1,4,"382",24,"95","0.186","0.209","0.218",36.8,29.5,17.1,"0.176","0.239","0.221",40.7
"Allen, Logan",671106,"CLE","CH","Changeup",-0.1,0,"296",17,"95","0.258","0.355","0.276",19.1,15.8,12.2,"0.281","0.445","0.318",38.5
"Ragans, Cole",666142,"KC","FF","4-Seam Fastball",0.1,0,"424",48.6,"95","0.247","0.42","0.327",24.1,30.5,21.2,"0.212","0.409","0.308",43.6
"Sasaki, Roki",808963,"LAD","FF","4-Seam Fastball",0.2,0,"299",50.2,"95","0.253","0.494","0.385",10.1,8.4,14.5,"0.308","0.663","0.457",52.1
"Skenes, Paul",694973,"PIT","FS","Split-Finger",0,0,"354",17.8,"95","0.267","0.395","0.349",24.7,13.7,19.1,"0.279","0.413","0.336",45.2
"Montero, Keider",672456,"DET","FF","4-Seam Fastball",-0.9,-3,"341",29.2,"94","0.31","0.452","0.37",14.1,18.1,18.3,"0.313","0.552","0.402",38.8
"Senga, Kodai",673540,"NYM","FF","4-Seam Fastball",-0.3,-1,"401",30.5,"94","0.291","0.523","0.384",19.8,18.1,16.5,"0.294","0.506","0.37",53.6
"Lee, Dylan",669276,"ATL","SL","Slider",2.2,9,"406",57.7,"94","0.126","0.276","0.212",42.9,33,23.7,"0.166","0.296","0.228",24.6
"Kremer, Dean",665152,"BAL","FS","Split-Finger",-0.5,-2,"369",19.1,"94","0.242","0.374","0.279",35.4,30.9,18.8,"0.211","0.314","0.24",25.8
"Mejia, Juan",675848,"COL","FF","4-Seam Fastball",0.5,2,"366",60.6,"94","0.237","0.35","0.322",27.7,21.3,20.4,"0.224","0.313","0.3",34.4
"Vesia, Alex",681911,"LAD","FF","4-Seam Fastball",1.3,5,"403",56.1,"94","0.176","0.353","0.261",27.7,37.2,23.2,"0.172","0.384","0.27",43.1
"Gray, Sonny",543243,"STL","FF","4-Seam Fastball",0.3,1,"370",21.5,"94","0.349","0.482","0.402",20.8,5.3,12.5,"0.385","0.557","0.439",38.5
"Suarez, Robert",663158,"SD","FF","4-Seam Fastball",2,8,"411",62.2,"94","0.181","0.217","0.232",21.7,27.7,19.7,"0.247","0.424","0.33",50
"Fried, Max",608331,"NYY","SI","Sinker",0,0,"342",17,"94","0.25","0.381","0.368",21.3,16,21.7,"0.249","0.378","0.316",52.2
"Hernández, Carlos",672578,"DET","FF","4-Seam Fastball",-1.1,-4,"344",52,"94","0.355","0.447","0.409",18,12.8,13.2,"0.323","0.521","0.418",47
"Heaney, Andrew",571760,"PIT","CH","Changeup",-0.6,-2,"289",17.3,"93","0.218","0.368","0.27",18,10.8,13.2,"0.289","0.437","0.323",34.2
"Legumina, Casey",668984,"SEA","FF","4-Seam Fastball",-0.3,-1,"376",57.4,"93","0.247","0.429","0.347",28.4,26.9,20.2,"0.254","0.441","0.356",44.4
"Ortiz, Luis L.",682847,"CLE","SL","Slider",-0.7,-3,"389",25.9,"92","0.205","0.398","0.304",39.5,31.5,19.1,"0.221","0.453","0.317",47.3
"Uribe, Abner",682842,"MIL","SI","Sinker",0.9,3,"389",50,"92","0.266","0.367","0.335",19.5,14.1,19.4,"0.3","0.429","0.363",47.1
"Bird, Jake",656234,"COL","SI","Sinker",-0.8,-2,"301",33.9,"92","0.308","0.449","0.386",16.4,9.8,14.5,"0.322","0.478","0.402",47.1
"Megill, Trevor",656730,"MIL","FF","4-Seam Fastball",1.2,4,"358",62.3,"92","0.225","0.313","0.289",19.2,22.8,18.8,"0.264","0.46","0.349",39.3
"Woods Richardson, Simeon",680573,"MIN","SL","Slider",-0.2,-1,"368",28.7,"92","0.25","0.44","0.322",24.3,20.7,14.3,"0.232","0.42","0.305",36.4
"Leasure, Jordan",673929,"CWS","FF","4-Seam Fastball",-2.1,-8,"377",54.2,"92","0.276","0.553","0.402",22.2,27.2,20.3,"0.254","0.467","0.366",44.2
"Smith-Shawver, AJ",700363,"ATL","FF","4-Seam Fastball",0.3,1,"331",46.6,"92","0.278","0.392","0.359",17,8.7,13.8,"0.403","0.672","0.49",63.9
"Fluharty, Mason",689254,"TOR","FC","Cutter",1,4,"353",60.8,"92","0.179","0.256","0.274",26.5,26.1,25.5,"0.223","0.343","0.304",37.5
"Ortiz, Luis L.",682847,"CLE","SI","Sinker",2.4,7,"298",19.9,"92","0.235","0.271","0.293",13.8,15.2,28,"0.279","0.377","0.314",50.7
"Alcantara, Sandy",645261,"MIA","CH","Changeup",-1.2,-5,"384",21.4,"92","0.253","0.386","0.327",29.2,17.4,13.2,"0.226","0.336","0.286",23.9
"Peralta, Wandy",593974,"SD","SI","Sinker",0,0,"318",42.3,"92","0.263","0.368","0.357",17.2,17.4,21.3,"0.32","0.499","0.401",45.2
"Suter, Brent",608718,"CIN","FF","4-Seam Fastball",1.4,5,"340",43.5,"92","0.262","0.417","0.333",15.6,10.9,10.3,"0.261","0.443","0.33",37.3
"Sousa, Bennett",656986,"HOU","SL","Slider",1.7,5,"319",55.6,"91","0.163","0.291","0.22",48.9,44,37,"0.147","0.288","0.211",45.7
"Abbott, Andrew",671096,"CIN","CH","Changeup",1.6,5,"312",20.1,"91","0.186","0.279","0.248",25.4,17.6,16.7,"0.254","0.413","0.307",20
"Detmers, Reid",672282,"LAA","FF","4-Seam Fastball",1.2,4,"364",45.5,"91","0.247","0.333","0.302",31.1,36.3,26.6,"0.217","0.334","0.287",39.6
"Lugo, Seth",607625,"KC","CU","Curveball",0.3,1,"405",23.1,"91","0.233","0.314","0.264",27,28.6,18.3,"0.262","0.365","0.293",48.3
"Kerkering, Orion",689147,"PHI","ST","Sweeper",0.2,1,"362",51.8,"91","0.226","0.321","0.289",25.2,19.8,17.3,"0.248","0.385","0.297",28.4
"Warren, Will",701542,"NYY","ST","Sweeper",-0.7,-3,"406",22,"91","0.329","0.5","0.384",30.8,23.1,17.2,"0.277","0.441","0.338",38.7
"Montgomery, Mason",682254,"TB","FF","4-Seam Fastball",-2.4,-9,"358",62.3,"90","0.324","0.5","0.444",29.1,24.4,21.4,"0.277","0.454","0.4",52.1
"Fairbanks, Pete",664126,"TB","FF","4-Seam Fastball",1.3,5,"348",53.6,"90","0.215","0.266","0.304",20.4,13.3,13,"0.268","0.351","0.321",50.7
"Bido, Osvaldo",674370,"ATH","FF","4-Seam Fastball",-2.6,-9,"352",37,"90","0.338","0.563","0.428",21.9,14.4,12.9,"0.311","0.586","0.437",55.7
"Bradley, Taj",671737,"TB","FS","Split-Finger",-0.1,0,"295",16.5,"90","0.22","0.341","0.279",25.6,21.1,19.2,"0.203","0.319","0.245",33.3
"Gilbert, Logan",669302,"SEA","SL","Slider",0.3,1,"395",35.3,"90","0.244","0.477","0.328",37.1,28.9,23.2,"0.258","0.493","0.329",37.7
"Parker, Mitchell",680730,"WSH","CU","Curveball",-0.9,-3,"386",22.3,"90","0.279","0.465","0.344",29.4,21.1,16.1,"0.31","0.488","0.357",44.8
"Spence, Mitch",687765,"ATH","SL","Slider",-1.3,-4,"341",28.6,"90","0.244","0.512","0.351",34.6,24.4,20.8,"0.268","0.528","0.368",35
"Corbin, Patrick",571578,"TEX","FC","Cutter",0.5,2,"357",21.5,"89","0.253","0.468","0.35",19.9,11.2,16.1,"0.266","0.446","0.347",27.5
"Gaddis, Hunter",683769,"CLE","SL","Slider",1.3,4,"351",52.5,"89","0.235","0.296","0.263",33.5,28.1,20.3,"0.242","0.348","0.294",34.5
"Muñoz, Andrés",662253,"SEA","SL","Slider",3.7,12,"340",50.7,"89","0.071","0.071","0.111",51.2,44.9,31,"0.144","0.215","0.186",26.7
"Olson, Reese",681857,"DET","SI","Sinker",-0.2,-1,"327",28.2,"89","0.297","0.351","0.366",2.5,6.7,9.1,"0.321","0.511","0.412",51.5
"Martin, Davis",663436,"CWS","FC","Cutter",-1.3,-4,"338",25.4,"89","0.25","0.487","0.357",24.5,16.9,19,"0.268","0.532","0.367",36.4
"Peterson, David",656849,"NYM","FF","4-Seam Fastball",-1.2,-5,"415",23.3,"89","0.304","0.506","0.382",21,19.1,13.2,"0.341","0.58","0.422",47.6
"Orze, Eric",679358,"TB","FS","Split-Finger",1.2,4,"299",48.5,"89","0.214","0.298","0.252",32.5,31.5,23.7,"0.193","0.274","0.229",28.6
"Sterner, Justin",686993,"ATH","FF","4-Seam Fastball",0.2,1,"337",52.1,"89","0.208","0.389","0.333",24.1,19.1,15.5,"0.212","0.417","0.334",42.1
"Senzatela, Antonio",622608,"COL","SL","Slider",-1.5,-5,"358",20.8,"89","0.317","0.573","0.381",26.5,14.6,13.4,"0.299","0.554","0.364",38.4
"Cannon, Jonathan",686563,"CWS","CH","Changeup",-0.3,-1,"310",20.6,"88","0.229","0.398","0.304",24.6,23.9,16.3,"0.244","0.385","0.294",35.5
"Valdez, Framber",664285,"HOU","CH","Changeup",-0.2,-1,"349",18.7,"88","0.214","0.405","0.302",29.4,25,22.9,"0.204","0.361","0.26",43.5
"Sugano, Tomoyuki",608372,"BAL","ST","Sweeper",0.8,2,"307",18.4,"88","0.233","0.36","0.265",19.6,10.2,8.9,"0.255","0.372","0.279",33.8
"Bummer, Aaron",607481,"ATL","CU","Curveball",0.5,1,"289",40,"88","0.2","0.338","0.274",31.6,29.5,21.8,"0.25","0.367","0.296",36.4
"Berríos, José",621244,"TOR","FF","4-Seam Fastball",-0.9,-3,"361",18.9,"87","0.316","0.461","0.399",16.9,14.9,13.4,"0.262","0.452","0.349",48.4
"Rodríguez, Randy",678495,"SF","SL","Slider",2.2,7,"293",45.4,"87","0.193","0.277","0.237",34.7,34.5,29.4,"0.198","0.315","0.241",37.7
"Eisert, Brandon",685126,"CWS","SL","Slider",-2.4,-7,"279",37.9,"87","0.304","0.57","0.386",26.4,20.7,20.7,"0.268","0.511","0.356",39.7
"Cabrera, Edward",665795,"MIA","CH","Changeup",-0.4,-1,"337",23.5,"87","0.253","0.325","0.294",24.8,26.4,20.7,"0.275","0.372","0.298",45
"Mears, Nick",683232,"MIL","FF","4-Seam Fastball",-0.9,-3,"343",56.8,"87","0.287","0.475","0.363",12.6,11.5,8.5,"0.341","0.586","0.415",52.1
"Bibee, Tanner",676440,"CLE","ST","Sweeper",2.1,7,"351",18.4,"87","0.148","0.247","0.213",32.3,28.7,18.4,"0.191","0.304","0.239",31.6
"Dreyer, Jack",676263,"LAD","FF","4-Seam Fastball",1.9,7,"353",44.5,"87","0.205","0.315","0.282",19.5,18.4,17.2,"0.185","0.291","0.268",40
"Cabrera, Edward",665795,"MIA","SI","Sinker",-0.6,-2,"319",22.3,"87","0.351","0.558","0.42",9.3,3.4,7.3,"0.338","0.564","0.42",45.9
"Lugo, Seth",607625,"KC","FF","4-Seam Fastball",-0.1,0,"371",21.1,"87","0.221","0.455","0.328",16.8,16.1,13.5,"0.258","0.529","0.368",50
"Vásquez, Randy",681190,"SD","SI","Sinker",2.7,7,"266",16.4,"86","0.208","0.247","0.253",5.3,5.8,10.4,"0.31","0.524","0.391",52.8
"Bazardo, Eduard",660825,"SEA","SL","Slider",1.7,7,"396",46.9,"86","0.173","0.247","0.204",18.3,16.3,12.2,"0.228","0.348","0.269",27.9
"Williams, Devin",642207,"NYY","CH","Changeup",2,7,"363",54.1,"86","0.175","0.275","0.226",35.2,29.1,20.8,"0.218","0.363","0.286",29.8
"Miller, Shelby",571946,"AZ","FF","4-Seam Fastball",1.9,7,"353",65,"86","0.237","0.263","0.253",27.1,25.6,23.4,"0.236","0.359","0.287",40.4
"Bernardino, Brennan",657514,"BOS","SI","Sinker",2.2,7,"303",43.7,"86","0.214","0.243","0.286",9.9,16.3,19.4,"0.248","0.383","0.34",41.4
"Civale, Aaron",650644,"CWS","FC","Cutter",-0.5,-2,"361",35.2,"86","0.236","0.444","0.368",24.4,18.6,18,"0.233","0.458","0.352",40.4
"Martinez, Nick",607259,"CIN","SI","Sinker",0.1,0,"297",16,"86","0.276","0.408","0.349",9.3,12.8,18.3,"0.269","0.368","0.314",31.3
"Quantrill, Cal",615698,"MIA","FS","Split-Finger",-1.8,-6,"327",20.7,"86","0.253","0.41","0.306",26.7,22.1,13.3,"0.261","0.387","0.293",37.5
"Uceta, Edwin",670955,"TB","CH","Changeup",0.6,2,"298",38.9,"86","0.218","0.333","0.273",34.8,33.7,25,"0.253","0.439","0.341",40
"Keller, Mitch",656605,"PIT","SI","Sinker",1.4,4,"292",15,"85","0.25","0.388","0.291",10.5,15.3,19.4,"0.24","0.34","0.268",48.5
"Adam, Jason",592094,"SD","CH","Changeup",0,0,"291",35,"85","0.233","0.342","0.315",33.3,24.7,20.6,"0.192","0.336","0.282",41.5
"Baker, Bryan",641329,"TB","FF","4-Seam Fastball",-0.7,-2,"335",49.3,"85","0.273","0.545","0.388",31,34.1,25.9,"0.283","0.627","0.41",62.5
"Anderson, Tyler",542881,"LAA","FC","Cutter",-0.2,-1,"381",20.7,"85","0.291","0.418","0.318",16.7,7.1,7.1,"0.287","0.393","0.309",29.3
"Lorenzen, Michael",547179,"KC","CH","Changeup",-0.3,-1,"293",18.2,"85","0.216","0.378","0.311",39.4,24.7,19.4,"0.176","0.301","0.267",24.5
"Houck, Tanner",656557,"BOS","SI","Sinker",-0.1,0,"298",39.8,"85","0.253","0.533","0.376",15.3,11.8,19.2,"0.278","0.55","0.386",47
"Pérez, Eury",691587,"MIA","FF","4-Seam Fastball",3.5,13,"359",53.6,"85","0.132","0.237","0.205",25.5,29.4,19.4,"0.189","0.364","0.274",51.9
"Cruz, Fernando",518585,"NYY","FS","Split-Finger",2.2,7,"317",59.3,"85","0.138","0.225","0.198",60.2,56.5,37.8,"0.119","0.194","0.167",37.5
"Kikuchi, Yusei",579328,"LAA","CU","Curveball",2,6,"304",14.4,"85","0.175","0.237","0.221",29.9,23.5,22.5,"0.178","0.264","0.219",28.3
"Santana, Dennis",642701,"PIT","SL","Slider",3.1,9,"294",47,"84","0.127","0.139","0.164",35.3,29.8,19.8,"0.159","0.26","0.209",24.1
"Martin, Davis",663436,"CWS","FF","4-Seam Fastball",1.2,5,"409",30.8,"84","0.16","0.307","0.261",24.1,23.8,15.3,"0.225","0.417","0.317",40
"Williams, Gavin",668909,"CLE","CU","Curveball",-0.5,-2,"378",20.2,"84","0.155","0.282","0.279",35,34.5,16.9,"0.209","0.344","0.301",30.2
"Giolito, Lucas",608337,"BOS","SL","Slider",-1.1,-3,"317",24.4,"84","0.275","0.438","0.317",32,27.4,21.9,"0.326","0.579","0.394",43.1
"Webb, Jacob",657097,"TEX","FF","4-Seam Fastball",1,3,"302",43.8,"83","0.222","0.361","0.32",22.6,21.7,19.4,"0.224","0.35","0.3",40
"Bautista, Félix",642585,"BAL","SI","Sinker",0.4,2,"387",61.7,"83","0.145","0.323","0.323",27.9,27.7,25,"0.163","0.331","0.332",56.4
"McCullers Jr., Lance",621121,"HOU","SL","Slider",-1.2,-4,"302",33,"83","0.265","0.441","0.384",24.2,25.3,21.9,"0.211","0.364","0.327",40.4
"Cameron, Noah",702070,"KC","FF","4-Seam Fastball",-0.7,-2,"323",27.9,"83","0.23","0.5","0.369",12.8,8.4,11.3,"0.291","0.548","0.391",47.8
"Rodón, Carlos",607074,"NYY","CH","Changeup",0.3,1,"310",15.2,"83","0.228","0.329","0.259",35.3,24.1,19.8,"0.235","0.363","0.274",38.3
"Castillo, Luis",622491,"SEA","SL","Slider",-0.4,-2,"406",20.2,"83","0.241","0.405","0.299",36.5,32.5,19,"0.262","0.435","0.315",39.6
"Miller, Bryce",682243,"SEA","FF","4-Seam Fastball",-0.6,-2,"346",39.7,"83","0.25","0.542","0.38",18.7,12,10.8,"0.266","0.499","0.369",39.7
"Cantillo, Joey",676282,"CLE","FF","4-Seam Fastball",-2.7,-9,"336",39.4,"82","0.319","0.638","0.461",15.6,25.6,24.1,"0.308","0.576","0.426",70.8
"Díaz, Edwin",621242,"NYM","SL","Slider",1.7,5,"315",47.7,"82","0.162","0.23","0.233",44.8,41.5,33.7,"0.148","0.187","0.2",30
"Whitlock, Garrett",676477,"BOS","SI","Sinker",0.6,2,"397",47.2,"82","0.246","0.333","0.326",28.9,28,18.9,"0.228","0.396","0.324",48.9
"Akin, Keegan",669211,"BAL","FF","4-Seam Fastball",-1.5,-5,"344",52,"82","0.338","0.559","0.438",21.5,19.5,13.8,"0.288","0.503","0.397",55.8
"Patrick, Chad",694477,"MIL","FF","4-Seam Fastball",0.3,1,"353",22.2,"82","0.263","0.368","0.316",24.7,31.7,17.8,"0.234","0.372","0.29",40
"Littell, Zack",641793,"TB","SI","Sinker",-0.8,-2,"288",15.7,"82","0.303","0.618","0.415",10.3,6.1,9.4,"0.287","0.52","0.369",43.7
"Cannon, Jonathan",686563,"CWS","FC","Cutter",-0.3,-1,"377",25.1,"82","0.271","0.5","0.381",24.9,17.1,23.7,"0.301","0.536","0.406",48.2
"Rodriguez, Eduardo",593958,"AZ","CH","Changeup",-2.5,-7,"294",19.6,"82","0.364","0.545","0.405",29,12.2,16.4,"0.315","0.469","0.349",24.6
"Beeks, Jalen",656222,"AZ","FF","4-Seam Fastball",-1,-3,"313",47.4,"82","0.319","0.528","0.415",21.3,18.3,19,"0.289","0.498","0.379",49.1
"Jackson, Luke",592426,"TEX","SL","Slider",-0.5,-1,"261",50.6,"81","0.282","0.423","0.358",26.5,17.3,18.4,"0.264","0.423","0.344",50.9
"Chivilli, Angel",683409,"COL","FF","4-Seam Fastball",-1.9,-5,"280",47,"81","0.319","0.522","0.422",13.6,6.2,10.9,"0.353","0.56","0.438",50
"Knack, Landon",689017,"LAD","FF","4-Seam Fastball",-1.1,-4,"342",47.6,"81","0.294","0.632","0.438",14.9,16,13.7,"0.298","0.65","0.445",52.7
"Peralta, Freddy",642547,"MIL","CU","Curveball",0.1,0,"315",15,"81","0.208","0.338","0.268",33.6,37,19.9,"0.187","0.255","0.216",21.3
"Bivens, Spencer",702352,"SF","SI","Sinker",0.2,1,"294",37,"81","0.26","0.384","0.324",4.8,21,25,"0.233","0.363","0.299",33.9
"Montero, Rafael",606160,"ATL","FS","Split-Finger",0.2,1,"326",46.5,"81","0.174","0.304","0.277",36.4,27.2,18,"0.17","0.267","0.262",29.8
"De Los Santos, Enyel",660853,"ATL","FF","4-Seam Fastball",0.5,2,"325",45.5,"81","0.254","0.394","0.342",18.8,19.8,16.2,"0.273","0.458","0.358",45.5
"Rodríguez, Yariel",684320,"TOR","SL","Slider",2.5,7,"285",36.9,"81","0.133","0.307","0.213",38.9,39.5,29.9,"0.173","0.348","0.254",31.8
"Lopez, Jacob",682052,"ATH","FF","4-Seam Fastball",-0.4,-1,"407",36.8,"80","0.219","0.422","0.353",30.8,38.8,24.4,"0.185","0.4","0.331",35.3
"Casparius, Ben",676508,"LAD","FF","4-Seam Fastball",-0.9,-3,"346",32.6,"80","0.282","0.563","0.386",33.3,22.5,17.8,"0.283","0.584","0.393",44.4
"Holmes, Clay",605280,"NYM","ST","Sweeper",0,0,"369",19.5,"80","0.203","0.297","0.274",23.9,26.3,16,"0.192","0.28","0.24",28.3
"Abreu, Bryan",650556,"HOU","FF","4-Seam Fastball",1.1,4,"380",50.5,"80","0.155","0.239","0.229",39.1,35,29.2,"0.24","0.405","0.323",53.5
"Greene, Hunter",668881,"CIN","SL","Slider",1.3,4,"325",33.2,"80","0.123","0.301","0.23",48.8,41.3,25,"0.147","0.284","0.235",27.5
"Helsley, Ryan",664854,"STL","FF","4-Seam Fastball",-2,-5,"268",44.6,"80","0.406","0.522","0.439",15.5,12.5,13.9,"0.332","0.505","0.401",53.3
"Peralta, Wandy",593974,"SD","CH","Changeup",0.7,2,"265",35.2,"80","0.203","0.297","0.258",36.4,23.8,20.4,"0.243","0.398","0.299",33.9
"Duran, Jhoan",661395,"MIN","FS","Split-Finger",3.4,9,"271",37.6,"80","0.216","0.284","0.246",27.4,15,22.6,"0.238","0.351","0.279",44.4
"Smith, Shane",681343,"CWS","CH","Changeup",0.7,2,"290",20,"80","0.159","0.232","0.253",31.8,21.3,16.3,"0.245","0.336","0.311",53.8
"Little, Brendon",663893,"TOR","SI","Sinker",0.5,2,"388",45.5,"80","0.206","0.317","0.36",36.5,15,24.5,"0.259","0.404","0.372",49
"Canning, Griffin",656288,"NYM","FF","4-Seam Fastball",-0.4,-2,"463",34.5,"80","0.246","0.449","0.347",20,27.5,18,"0.248","0.537","0.375",54.2
"Williams, Gavin",668909,"CLE","FC","Cutter",0.3,1,"297",15.8,"79","0.213","0.41","0.385",21.1,7.6,11.5,"0.255","0.411","0.38",47.3
"Alcala, Jorge",660896,"BOS","FF","4-Seam Fastball",0.8,3,"331",46.2,"79","0.182","0.394","0.307",28.1,26.6,19.8,"0.171","0.328","0.283",32.6
"Thompson, Ryan",657044,"AZ","SI","Sinker",-1.2,-3,"264",50.5,"79","0.389","0.486","0.423",19.1,11.4,15.5,"0.304","0.427","0.348",50.8
"Varland, Louis",686973,"MIN","FF","4-Seam Fastball",1.4,4,"301",45,"79","0.265","0.338","0.306",16.9,21.5,25,"0.291","0.457","0.354",48.1
"Miller, Mason",695243,"ATH","FF","4-Seam Fastball",-0.6,-2,"320",54.3,"79","0.21","0.516","0.38",36.8,35.4,28.9,"0.203","0.432","0.357",56.8
"Sugano, Tomoyuki",608372,"BAL","FF","4-Seam Fastball",-1.2,-4,"305",18.3,"78","0.309","0.574","0.416",15.8,17.9,15.2,"0.309","0.609","0.427",48.1
"Jobe, Jackson",695549,"DET","SL","Slider",0.2,0,"268",30.6,"78","0.232","0.348","0.297",26.4,19.2,16.1,"0.21","0.4","0.303",38.2
"Bednar, David",670280,"PIT","FF","4-Seam Fastball",0.7,2,"279",48.4,"78","0.235","0.397","0.316",20.1,21.8,18.7,"0.29","0.564","0.396",50
"Banda, Anthony",607455,"LAD","SL","Slider",1.4,5,"358",47.5,"78","0.129","0.186","0.197",37.6,30.8,19.8,"0.175","0.321","0.26",34.8
"Cabrera, Edward",665795,"MIA","CU","Curveball",1.7,6,"334",23.3,"78","0.127","0.268","0.204",42.3,47.4,30.1,"0.121","0.193","0.176",38.9
"Gilbert, Logan",669302,"SEA","FF","4-Seam Fastball",1.1,4,"380",33.9,"78","0.232","0.319","0.304",19.7,15.4,16,"0.251","0.379","0.319",42.1
"Jax, Griffin",643377,"MIN","ST","Sweeper",1.1,4,"330",44.9,"78","0.23","0.284","0.273",44.8,44.9,28.5,"0.209","0.29","0.24",43.6
"Fried, Max",608331,"NYY","CU","Curveball",0.2,1,"336",16.7,"78","0.197","0.303","0.228",41.1,43.6,23.9,"0.193","0.319","0.231",35.7
"Junk, Janson",676083,"MIA","FF","4-Seam Fastball",0.8,2,"298",38.6,"77","0.264","0.389","0.306",12.7,19.5,14.6,"0.287","0.434","0.322",55.9
"Boyd, Matthew",571510,"CHC","SL","Slider",0.1,0,"289",16.2,"77","0.188","0.246","0.255",35.3,35.1,19.4,"0.222","0.276","0.267",28.6
"Keller, Brad",641745,"CHC","FF","4-Seam Fastball",1.2,4,"321",43.1,"77","0.239","0.358","0.316",17.4,22.1,21,"0.242","0.428","0.338",38
"Bachar, Lake",669199,"MIA","FF","4-Seam Fastball",0.8,2,"266",38.2,"77","0.197","0.377","0.328",24.2,22.1,27.4,"0.214","0.413","0.349",57.8
"Newcomb, Sean",656794,"ATH","FF","4-Seam Fastball",1.1,4,"340",29,"77","0.243","0.357","0.307",23.4,33.8,25.5,"0.233","0.381","0.296",42.2
"Uceta, Edwin",670955,"TB","FF","4-Seam Fastball",-0.1,0,"290",37.9,"77","0.179","0.448","0.316",36.1,41.6,28.8,"0.192","0.447","0.323",51.4
"Bassitt, Chris",605135,"TOR","CU","Curveball",1.4,5,"331",17,"77","0.159","0.275","0.239",31.5,20.8,15.7,"0.193","0.28","0.254",17
"Roupp, Landen",694738,"SF","CH","Changeup",0.1,0,"287",16.7,"77","0.2","0.286","0.258",30.1,24.7,16,"0.23","0.385","0.294",40.4
"Kolek, Stephen",663568,"SD","FF","4-Seam Fastball",-0.7,-2,"298",26.3,"77","0.25","0.484","0.358",18.2,23.4,18.2,"0.249","0.458","0.36",45.8
"Festa, David",701581,"MIN","FF","4-Seam Fastball",-1.4,-4,"280",31.7,"76","0.344","0.609","0.449",14.1,11.8,16.1,"0.319","0.579","0.427",46.4
"Zerpa, Angel",672582,"KC","SI","Sinker",1.1,3,"304",43.1,"76","0.277","0.4","0.352",10.4,19.7,16,"0.231","0.33","0.304",43.1
"Kikuchi, Yusei",579328,"LAA","CH","Changeup",-0.1,0,"261",12.4,"76","0.227","0.307","0.239",26.9,30.3,20.9,"0.239","0.386","0.273",40.4
"Sánchez, Cristopher",650911,"PHI","SL","Slider",0.6,2,"298",16.3,"76","0.197","0.408","0.278",34.3,23.7,20,"0.236","0.458","0.314",37
"Holmes, Grant",656550,"ATL","CU","Curveball",0,0,"286",15.2,"76","0.175","0.238","0.26",35.6,38.2,21.8,"0.168","0.215","0.261",28.6
"Hamilton, Ian",641656,"NYY","SI","Sinker",1,3,"301",47.6,"76","0.233","0.333","0.341",11.6,7.9,11.8,"0.317","0.461","0.408",36.4
"Kelly, Merrill",518876,"AZ","FC","Cutter",2,8,"396",20.7,"76","0.125","0.278","0.208",20.8,26.3,28.2,"0.22","0.427","0.294",38.5
"Soto, Gregory",642397,"BAL","SI","Sinker",0.5,2,"315",51.9,"76","0.22","0.271","0.331",19.5,15.8,20.3,"0.232","0.324","0.338",45.8
"Bello, Brayan",678394,"BOS","ST","Sweeper",-0.4,-2,"361",21.4,"76","0.206","0.349","0.301",26.5,31.6,18.2,"0.254","0.523","0.365",38.1
"Hader, Josh",623352,"HOU","SL","Slider",2.4,7,"302",40.4,"76","0.167","0.278","0.21",55.3,48.7,31.6,"0.146","0.201","0.171",27.8
"Brown, Hunter",686613,"HOU","CU","Curveball",1.7,6,"324",17.1,"76","0.167","0.194","0.179",38.7,42.1,28.3,"0.19","0.23","0.203",36.6
"Díaz, Edwin",621242,"NYM","FF","4-Seam Fastball",1.8,6,"345",52.2,"75","0.131","0.18","0.223",36.7,36,29.3,"0.16","0.26","0.274",41.7
"Junis, Jakob",596001,"CLE","SL","Slider",1.4,5,"327",47.5,"75","0.208","0.278","0.223",30.6,26.7,19.6,"0.226","0.342","0.253",30.2
"Severino, Luis",622663,"ATH","FC","Cutter",0.6,2,"371",17.5,"75","0.292","0.385","0.343",17.1,2.7,5.3,"0.323","0.492","0.378",33.8
"Bellozo, Valente",678368,"MIA","FC","Cutter",-1,-3,"303",35.2,"75","0.348","0.576","0.423",16.9,13.3,16.4,"0.288","0.511","0.373",40.4
"Pivetta, Nick",601713,"SD","ST","Sweeper",1.8,6,"345",18.4,"75","0.141","0.239","0.209",38.7,36,24.5,"0.152","0.257","0.196",20
"Burke, Sean",680732,"CWS","CU","Curveball",0.7,3,"379",21.9,"75","0.192","0.356","0.277",26.6,26.7,19.2,"0.279","0.504","0.351",45.3
"Vásquez, Randy",681190,"SD","FF","4-Seam Fastball",0.2,1,"332",20.5,"75","0.279","0.41","0.354",11.1,9.3,7.4,"0.291","0.549","0.401",44.6
"Giolito, Lucas",608337,"BOS","CH","Changeup",-1.2,-4,"291",22.4,"75","0.2","0.5","0.319",22,18.7,14.9,"0.251","0.567","0.363",36.8
"Gallen, Zac",668678,"AZ","CH","Changeup",-0.1,0,"278",14,"75","0.224","0.328","0.3",29.5,12,11.4,"0.252","0.43","0.333",39.7
"Quantrill, Cal",615698,"MIA","FF","4-Seam Fastball",-1.9,-7,"348",22.1,"74","0.348","0.606","0.428",20.5,20.3,12.2,"0.271","0.512","0.366",36.5
"Kirby, George",669923,"SEA","FF","4-Seam Fastball",2.2,7,"305",31.2,"74","0.149","0.209","0.207",28.9,28.4,20.2,"0.196","0.278","0.25",39.1
"Vodnik, Victor",680767,"COL","FF","4-Seam Fastball",-0.4,-1,"314",57,"74","0.238","0.397","0.364",18.5,17.6,15.1,"0.28","0.527","0.395",60
"Bibee, Tanner",676440,"CLE","CH","Changeup",-1.7,-5,"265",13.9,"73","0.27","0.444","0.34",40.5,32.9,22,"0.205","0.351","0.282",22
"Wheeler, Zack",554430,"PHI","ST","Sweeper",2.4,7,"279",13.9,"73","0.153","0.25","0.179",40.7,41.1,27.3,"0.194","0.317","0.223",31
"Halvorsen, Seth",678020,"COL","FF","4-Seam Fastball",-0.4,-1,"322",53.3,"73","0.3","0.433","0.386",28.1,20.5,21.1,"0.259","0.368","0.343",52.2
"Walker, Taijuan",592836,"PHI","FC","Cutter",0.5,2,"354",30.7,"73","0.203","0.453","0.334",19.9,19.2,21.5,"0.176","0.315","0.262",39.2
"Williams, Devin",642207,"NYY","FF","4-Seam Fastball",-0.4,-1,"308",45.9,"73","0.237","0.322","0.331",38.3,35.6,28.9,"0.201","0.318","0.313",42.4
"Rodríguez, Randy",678495,"SF","FF","4-Seam Fastball",1.9,7,"352",54.6,"73","0.149","0.179","0.196",28,35.6,23.2,"0.181","0.27","0.234",40.5
"Cantillo, Joey",676282,"CLE","CH","Changeup",0.1,0,"300",35.2,"73","0.194","0.306","0.29",48.6,30.1,23.4,"0.199","0.268","0.266",24.4
"Lugo, Seth",607625,"KC","SI","Sinker",1.8,5,"275",15.7,"73","0.164","0.284","0.258",13.8,20.5,21.1,"0.262","0.475","0.344",36.5
"Kochanowicz, Jack",686799,"LAA","FF","4-Seam Fastball",-0.3,-1,"280",18.2,"73","0.226","0.355","0.318",23.9,26,17.8,"0.255","0.466","0.364",55.8
"Ashcraft, Graham",668933,"CIN","SL","Slider",1.5,4,"288",42.1,"73","0.171","0.257","0.212",42.3,43.8,27.8,"0.158","0.211","0.174",35.9
"Quintana, Jose",500779,"MIL","CH","Changeup",-0.6,-2,"282",22.1,"73","0.296","0.366","0.303",18.7,12.3,10.8,"0.277","0.391","0.299",32.3
"Bender, Anthony",669622,"MIA","ST","Sweeper",3.3,10,"297",45.3,"73","0.072","0.116","0.127",26.9,27.4,21.3,"0.142","0.244","0.192",34.7
"May, Dustin",669160,"LAD","FF","4-Seam Fastball",1.3,3,"261",16.4,"72","0.115","0.213","0.224",27.4,29.2,19.4,"0.168","0.285","0.27",35
"Anderson, Grant",681982,"MIL","ST","Sweeper",1.3,4,"306",37.1,"72","0.149","0.284","0.247",34,22.2,18.4,"0.214","0.345","0.261",28.8
"Buehler, Walker",621111,"BOS","FC","Cutter",-1.4,-4,"275",18.6,"72","0.381","0.73","0.498",19,8.3,12.8,"0.352","0.597","0.441",38.6
"Birdsong, Hayden",806185,"SF","SL","Slider",-0.9,-3,"291",24.4,"72","0.323","0.462","0.397",30.4,16.7,19,"0.248","0.419","0.319",38.9
"Okert, Steven",595345,"HOU","FF","4-Seam Fastball",1.4,4,"280",43.4,"72","0.197","0.311","0.281",25.7,22.2,26.7,"0.223","0.415","0.325",31.9
"Evans, Logan",688138,"SEA","FC","Cutter",1.4,4,"260",27,"72","0.2","0.367","0.311",23.6,16.7,23.1,"0.271","0.455","0.368",44.9
"Alexander, Tyler",641302,"CWS","FF","4-Seam Fastball",1.4,4,"273",26.7,"72","0.197","0.288","0.251",20.8,19.4,14.4,"0.232","0.439","0.319",46.2
"Yamamoto, Yoshinobu",808967,"LAD","CU","Curveball",-0.3,-1,"312",17.3,"72","0.254","0.349","0.33",35.7,26.4,25,"0.238","0.354","0.309",31.8
"Pepiot, Ryan",686752,"TB","SL","Slider",-1.4,-5,"345",18.1,"71","0.294","0.559","0.387",21.9,7,6.8,"0.308","0.533","0.371",30.2
"Megill, Tylor",656731,"NYM","SL","Slider",-0.9,-3,"297",24.1,"71","0.242","0.29","0.299",45.5,35.2,22.5,"0.202","0.289","0.285",37.8
"Burke, Brock",656271,"LAA","FF","4-Seam Fastball",1.5,5,"304",44.7,"71","0.217","0.333","0.283",21.8,25.4,17.1,"0.261","0.503","0.364",48.9
"Montero, Keider",672456,"DET","SL","Slider",-2.8,-7,"266",22.8,"71","0.299","0.627","0.426",34.4,22.5,19.3,"0.259","0.501","0.337",42.3
"Green, Chad",643338,"TOR","SL","Slider",-0.5,-1,"313",47.2,"71","0.2","0.431","0.301",25.5,18.3,13.4,"0.254","0.514","0.355",38.5
"Cano, Yennier",666974,"BAL","SI","Sinker",1.7,5,"290",47.9,"71","0.213","0.262","0.28",22.1,18.3,20,"0.204","0.303","0.274",44
"Houck, Tanner",656557,"BOS","ST","Sweeper",-1.9,-5,"265",35.4,"70","0.305","0.492","0.401",32.4,22.9,18.4,"0.28","0.427","0.365",38.6
"Speier, Gabe",642100,"SEA","FF","4-Seam Fastball",1.6,4,"262",43.7,"70","0.182","0.364","0.246",32.9,45.7,28.8,"0.173","0.344","0.24",45.7
"Helsley, Ryan",664854,"STL","SL","Slider",3.5,10,"288",47.9,"70","0.092","0.154","0.13",45.6,44.3,27.2,"0.124","0.207","0.163",33.3
"Kershaw, Clayton",477132,"LAD","FF","4-Seam Fastball",-0.9,-3,"308",36.2,"70","0.267","0.433","0.36",6.1,2.9,4.8,"0.299","0.431","0.368",45.8
"Kremer, Dean",665152,"BAL","CU","Curveball",-0.2,-1,"270",14,"70","0.288","0.485","0.331",20.6,11.4,12.3,"0.296","0.479","0.341",28.3
"Hernández, Daysbel",678226,"ATL","SL","Slider",0.1,0,"310",56.4,"70","0.211","0.263","0.299",34.6,18.6,12.4,"0.214","0.304","0.312",29.5
"Yates, Kirby",489446,"LAD","FF","4-Seam Fastball",0.5,2,"315",56,"70","0.21","0.484","0.326",37,35.7,24.5,"0.185","0.41","0.291",39.5
"Stewart, Brock",592779,"MIN","FF","4-Seam Fastball",2.5,7,"279",54.4,"70","0.188","0.281","0.239",34.8,37.1,29.2,"0.174","0.298","0.237",41
"Bird, Jake",656234,"COL","ST","Sweeper",0.9,3,"354",39.8,"70","0.25","0.422","0.335",32.9,31.4,23.9,"0.179","0.286","0.241",28.6
"Rogers, Taylor",573124,"CIN","SI","Sinker",-1.9,-6,"301",51.4,"70","0.309","0.455","0.404",12,12.9,9.6,"0.322","0.588","0.434",51
"Dollander, Chase",801403,"COL","CU","Curveball",1.4,4,"275",22.2,"70","0.152","0.212","0.189",30.7,28.6,18,"0.189","0.321","0.244",26.1
"Hancock, Emerson",676106,"SEA","FF","4-Seam Fastball",0.8,3,"332",26.6,"70","0.203","0.391","0.283",24.2,22.9,13.7,"0.267","0.498","0.351",42.9
"Strahm, Matt",621381,"PHI","FF","4-Seam Fastball",-1.1,-3,"258",38.2,"69","0.19","0.397","0.293",26.4,37.7,26.5,"0.16","0.362","0.273",51.4
"Beeks, Jalen",656222,"AZ","CH","Changeup",3.5,9,"270",40.8,"68","0.063","0.079","0.11",37,29.4,20.6,"0.155","0.213","0.198",18.6
"Holmes, Clay",605280,"NYM","CH","Changeup",0.5,1,"278",14.7,"68","0.215","0.262","0.232",31.5,26.5,14.8,"0.23","0.326","0.259",29.8
"Scott, Tanner",656945,"LAD","SL","Slider",0.1,0,"298",42.4,"68","0.295","0.41","0.348",36.6,29.4,19,"0.243","0.358","0.303",34.1
"Holmes, Grant",656550,"ATL","FC","Cutter",1.1,3,"281",14.9,"68","0.25","0.383","0.336",17.2,4.4,9.7,"0.3","0.447","0.365",38.6
"Domínguez, Seranthony",622554,"BAL","FF","4-Seam Fastball",-0.7,-2,"319",44,"68","0.25","0.462","0.409",24.6,20.6,21.2,"0.236","0.43","0.38",36.8
"Leasure, Jordan",673929,"CWS","SL","Slider",0.8,2,"292",42,"68","0.18","0.311","0.286",36.7,26.5,21.7,"0.195","0.296","0.261",32.6
"Bello, Brayan",678394,"BOS","FF","4-Seam Fastball",0.5,1,"288",17,"68","0.207","0.328","0.289",18.5,14.7,10.1,"0.191","0.34","0.296",36.7
"Rogers, Taylor",573124,"CIN","ST","Sweeper",0.8,2,"284",48.5,"68","0.177","0.339","0.276",35.3,36.8,23.6,"0.144","0.225","0.197",26.3
"Falter, Bailey",663559,"PIT","SL","Slider",-0.7,-2,"275",16.9,"68","0.231","0.415","0.307",24.5,20.6,18.9,"0.272","0.496","0.341",47.1
"Olson, Reese",681857,"DET","CH","Changeup",0.7,2,"300",25.9,"67","0.143","0.286","0.227",46.2,40.3,24.3,"0.179","0.289","0.23",27.8
"De Los Santos, Enyel",660853,"ATL","SL","Slider",0.1,0,"284",39.7,"67","0.213","0.311","0.282",39.2,26.9,18.8,"0.22","0.346","0.283",32.6
"Peterson, David",656849,"NYM","CH","Changeup",0.8,2,"263",14.8,"67","0.222","0.286","0.278",21.2,13.4,13.6,"0.267","0.353","0.294",38.9
"Gordon, Colton",676467,"HOU","ST","Sweeper",-1.6,-5,"293",30.8,"67","0.281","0.547","0.354",22.7,29.9,15.2,"0.229","0.418","0.295",35.6
"Senga, Kodai",673540,"NYM","FC","Cutter",0.2,1,"275",20.9,"67","0.259","0.362","0.368",16.7,3,6.9,"0.303","0.433","0.368",46.4
"Hancock, Emerson",676106,"SEA","CH","Changeup",-2.5,-6,"261",20.9,"67","0.267","0.55","0.37",25.8,16.4,12,"0.291","0.571","0.39",34
"Faucher, Calvin",676534,"MIA","FC","Cutter",2.1,6,"268",38.5,"67","0.246","0.311","0.289",17.4,19.4,19.1,"0.309","0.395","0.336",28.6
"Jobe, Jackson",695549,"DET","FF","4-Seam Fastball",-0.7,-2,"273",31.1,"66","0.296","0.519","0.395",14.2,9.1,7.7,"0.295","0.503","0.389",46
"Skenes, Paul",694973,"PIT","ST","Sweeper",1.5,5,"302",15.2,"66","0.143","0.206","0.19",30.5,28.8,18.3,"0.184","0.247","0.21",18.2
"Flexen, Chris",623167,"CHC","FF","4-Seam Fastball",2.5,7,"269",41.5,"66","0.164","0.262","0.223",14.5,10.6,10.1,"0.279","0.523","0.367",42.6
"Ort, Kaleb",672391,"HOU","FF","4-Seam Fastball",-0.3,-1,"276",54.2,"65","0.189","0.377","0.313",27.5,21.5,16.9,"0.195","0.391","0.32",37.5
"Hoffman, Jeff",656546,"TOR","FF","4-Seam Fastball",-1.1,-3,"275",40.1,"65","0.241","0.586","0.382",24.2,30.8,22.7,"0.267","0.64","0.412",57.9
"Gray, Sonny",543243,"STL","CU","Curveball",1.6,5,"308",17.9,"65","0.194","0.306","0.237",29.4,27.7,34.6,"0.238","0.432","0.303",38.6
"Mikolas, Miles",571945,"STL","CU","Curveball",-1.5,-4,"275",17.1,"65","0.217","0.4","0.298",22,27.7,16.5,"0.199","0.34","0.26",30.2
"Wentz, Joey",666214,"ATL","FC","Cutter",-0.4,-1,"296",35.1,"64","0.25","0.5","0.332",29.3,28.1,20.5,"0.199","0.393","0.257",47.7
"Bibee, Tanner",676440,"CLE","FC","Cutter",0.2,1,"363",19.1,"64","0.271","0.475","0.363",32,10.9,10.8,"0.232","0.418","0.308",42.3
"Crochet, Garrett",676979,"BOS","SI","Sinker",1.9,5,"278",13.3,"64","0.286","0.304","0.318",22.5,10.9,16.7,"0.331","0.451","0.383",30.6
"Santillan, Tony",663574,"CIN","SL","Slider",-0.9,-3,"283",35.8,"64","0.25","0.393","0.319",37.9,26.6,14.4,"0.241","0.408","0.318",32.5
"Eovaldi, Nathan",543135,"TEX","FC","Cutter",2.5,7,"297",20.6,"64","0.213","0.311","0.249",22.3,25,25.4,"0.265","0.501","0.341",37.8
"Rodríguez, Yariel",684320,"TOR","FF","4-Seam Fastball",1.3,4,"333",43.1,"63","0.167","0.259","0.257",18.6,9.5,10.5,"0.214","0.361","0.309",41.7
"Doval, Camilo",666808,"SF","FC","Cutter",0.5,2,"307",42.3,"63","0.22","0.3","0.307",13.2,11.1,12.1,"0.297","0.482","0.394",44.4
"Eovaldi, Nathan",543135,"TEX","CU","Curveball",2.2,7,"300",20.8,"63","0.102","0.153","0.176",44.1,41.3,24.3,"0.14","0.223","0.189",24.2
"Kirby, George",669923,"SEA","SL","Slider",0.3,1,"268",27.4,"63","0.3","0.4","0.302",26.4,27,18.1,"0.271","0.443","0.304",42.2
"Pfaadt, Brandon",694297,"AZ","CH","Changeup",0.1,0,"279",15.1,"63","0.25","0.4","0.299",29.4,7.9,7.4,"0.344","0.582","0.408",36.4
"Brazobán, Huascar",623211,"NYM","SI","Sinker",1.5,4,"276",33.9,"63","0.22","0.26","0.307",15.6,12.7,22.2,"0.237","0.298","0.33",39.1
"Sears, JP",676664,"ATH","CH","Changeup",-1,-3,"288",15.7,"62","0.279","0.508","0.348",21.7,8.1,12.2,"0.269","0.461","0.308",35.1
"Buehler, Walker",621111,"BOS","FF","4-Seam Fastball",-3.2,-11,"350",23.7,"62","0.353","0.725","0.486",12.8,14.5,9.8,"0.295","0.62","0.436",53.5
"Adam, Jason",592094,"SD","SL","Slider",0.7,2,"295",35.5,"62","0.286","0.393","0.343",40.8,27.4,28.8,"0.245","0.384","0.299",35
"Ross, Joe",605452,"PHI","FF","4-Seam Fastball",-0.4,-1,"284",37.4,"62","0.314","0.49","0.385",27.4,14.5,13.6,"0.298","0.524","0.393",38.6
"Ray, Robbie",592662,"SF","CH","Changeup",0.4,1,"279",14,"62","0.226","0.34","0.293",39.6,19.4,18.8,"0.243","0.386","0.333",42.9
"Brash, Matt",666374,"SEA","SL","Slider",2.4,7,"277",63.1,"61","0.135","0.135","0.19",31.3,32.8,27.4,"0.146","0.177","0.208",11.8
"Vesia, Alex",681911,"LAD","SL","Slider",0.8,2,"275",38.2,"61","0.185","0.389","0.282",38.9,36.1,20.2,"0.197","0.374","0.296",36.4
"Suárez, Ranger",624133,"PHI","FC","Cutter",2.7,7,"268",20.3,"60","0.193","0.351","0.254",22.4,18.3,25.6,"0.247","0.396","0.295",26.1
"Alcantara, Sandy",645261,"MIA","SL","Slider",0,0,"308",17.1,"59","0.25","0.385","0.301",25.8,18.6,13.4,"0.366","0.616","0.433",41.9
"Garcia, Robert",676395,"TEX","FF","4-Seam Fastball",1.7,4,"271",43.2,"59","0.191","0.234","0.277",33.8,32.2,20.9,"0.158","0.252","0.266",33.3
"Priester, Quinn",682990,"MIL","FC","Cutter",-1,-3,"279",17.5,"59","0.302","0.472","0.369",21.3,25.4,18.8,"0.264","0.393","0.325",44.7
"Blanco, Ronel",669854,"HOU","FF","4-Seam Fastball",-1.7,-5,"283",35.6,"58","0.267","0.6","0.432",16.8,10.3,9.2,"0.24","0.487","0.388",45
"Montero, Rafael",606160,"ATL","FF","4-Seam Fastball",1,3,"299",42.7,"58","0.216","0.353","0.302",23.9,24.1,16.3,"0.277","0.512","0.382",71.1
"Rodriguez, Eduardo",593958,"AZ","FC","Cutter",0.5,1,"269",17.9,"56","0.288","0.481","0.366",26.6,25,26.9,"0.247","0.432","0.31",23.1
"Fairbanks, Pete",664126,"TB","SL","Slider",0.7,2,"263",40.5,"55","0.137","0.275","0.244",27.7,27.3,16.9,"0.18","0.288","0.235",25
"Alcantara, Sandy",645261,"MIA","CU","Curveball",-0.7,-2,"268",14.9,"55","0.264","0.472","0.326",23.5,23.6,16.5,"0.289","0.517","0.354",47.5
"Mattson, Isaac",676755,"PIT","FF","4-Seam Fastball",1.9,5,"272",73.5,"54","0.174","0.261","0.264",23.2,35.2,21.8,"0.167","0.234","0.251",44.4
"Milner, Hoby",571948,"TEX","ST","Sweeper",1.1,3,"292",37.5,"51","0.208","0.25","0.244",15.1,17.6,13.2,"0.288","0.496","0.338",34.1