"name_fielder","fielder_id","fld_name_display_club","season","position","pa","avg_norm_start_distance","avg_norm_start_angle"
"Urshela, Gio",570482,"Athletics",2025,"3B","1461","120","-32"
"Urshela, Gio",570482,"Athletics",2025,"1B","36","111","34"
"Andujar, Miguel",609280,"Athletics",2025,"RF","105","295","29"
"Andujar, Miguel",609280,"Athletics",2025,"LF","887","297","-27"
"Andujar, Miguel",609280,"Athletics",2025,"3B","881","118","-32"
"Urías, Luis",649966,"Athletics",2025,"3B","156","119","-31"
"Urías, Luis",649966,"Athletics",2025,"2B","2596","148","13"
"Brown, Seth",664913,"Athletics",2025,"LF","263","294","-28"
"Brown, Seth",664913,"Athletics",2025,"CF","226","320","1"
"Brown, Seth",664913,"Athletics",2025,"RF","55","296","28"
"Cortes, Carlos",666126,"Athletics",2025,"RF","67","294","29"
"Rooker, Brent",667670,"Athletics",2025,"LF","185","299","-28"
"Rooker, Brent",667670,"Athletics",2025,"RF","374","300","28"
"Bleday, JJ",668709,"Athletics",2025,"LF","254","295","-28"
"Bleday, JJ",668709,"Athletics",2025,"CF","1903","321","0"
"Davidson, Logan",669722,"Athletics",2025,"2B","48","147","12"
"Davidson, Logan",669722,"Athletics",2025,"3B","95","118","-32"
"Davidson, Logan",669722,"Athletics",2025,"1B","118","109","35"
"Butler, Lawrence",671732,"Athletics",2025,"CF","238","331","1"
"Butler, Lawrence",671732,"Athletics",2025,"RF","3446","295","29"
"Clarke, Denzel",672016,"Athletics",2025,"CF","1651","320","0"
"Schuemann, Max",680474,"Athletics",2025,"2B","368","149","13"
"Schuemann, Max",680474,"Athletics",2025,"CF","46","318","0"
"Schuemann, Max",680474,"Athletics",2025,"3B","400","123","-34"
"Schuemann, Max",680474,"Athletics",2025,"SS","439","148","-13"
"Schuemann, Max",680474,"Athletics",2025,"LF","82","290","-27"
"Alexander, CJ",680769,"Athletics",2025,"LF","17","303","-28"
"Alexander, CJ",680769,"Athletics",2025,"RF","20","299","29"
"Alexander, CJ",680769,"Athletics",2025,"1B","76","114","36"
"Alexander, CJ",680769,"Athletics",2025,"3B","78","119","-32"
"Gelof, Zack",680869,"Athletics",2025,"2B","282","148","13"
"Avans, Drew",682183,"Athletics",2025,"CF","32","310","1"
"Avans, Drew",682183,"Athletics",2025,"LF","139","294","-28"
"Thomas, Colby",687515,"Athletics",2025,"CF","21","324","0"
"Thomas, Colby",687515,"Athletics",2025,"RF","36","295","27"
"Thomas, Colby",687515,"Athletics",2025,"LF","90","290","-28"
"Soderstrom, Tyler",691016,"Athletics",2025,"1B","1563","113","35"
"Soderstrom, Tyler",691016,"Athletics",2025,"LF","2200","301","-28"
"Muncy, Max",691777,"Athletics",2025,"2B","823","146","12"
"Muncy, Max",691777,"Athletics",2025,"3B","1046","123","-32"
"Muncy, Max",691777,"Athletics",2025,"SS","184","149","-11"
"Kurtz, Nick",701762,"Athletics",2025,"1B","2320","110","34"
"Wilson, Jacob",805779,"Athletics",2025,"SS","3494","146","-12"
"Rosario, Eddie",592696,"Braves",2025,"RF","28","290","28"
"Profar, Jurickson",595777,"Braves",2025,"LF","837","295","-26"
"Arcia, Orlando",606115,"Braves",2025,"SS","335","147","-12"
"Olson, Matt",621566,"Braves",2025,"1B","3786","113","33"
"White, Eli",642201,"Braves",2025,"LF","703","297","-26"
"White, Eli",642201,"Braves",2025,"CF","124","322","1"
"White, Eli",642201,"Braves",2025,"RF","917","296","27"
"Albies, Ozzie",645277,"Braves",2025,"2B","3786","148","11"
"De La Cruz, Bryan",650559,"Braves",2025,"LF","378","294","-26"
"Fairchild, Stuart",656413,"Braves",2025,"LF","74","297","-25"
"Fairchild, Stuart",656413,"Braves",2025,"CF","38","324","0"
"Fairchild, Stuart",656413,"Braves",2025,"RF","317","296","27"
"Verdugo, Alex",657077,"Braves",2025,"LF","1782","295","-26"
"Acuña Jr., Ronald",660670,"Braves",2025,"RF","1822","297","27"
"Riley, Austin",663586,"Braves",2025,"3B","3449","121","-32"
"Williams, Luke",663897,"Braves",2025,"SS","201","146","-12"
"Williams, Luke",663897,"Braves",2025,"3B","21","127","-31"
"Allen, Nick",669397,"Braves",2025,"SS","3250","148","-13"
"Harris II, Michael",671739,"Braves",2025,"CF","3624","321","0"
"Kelenic, Jarred",672284,"Braves",2025,"LF","12","294","-27"
"Kelenic, Jarred",672284,"Braves",2025,"RF","694","293","27"
"Alvarez Jr., Nacho",805373,"Braves",2025,"3B","316","116","-33"
"Vargas, Ildemaro",545121,"D-backs",2025,"3B","83","121","-31"
"Vargas, Ildemaro",545121,"D-backs",2025,"SS","15","147","-13"
"Vargas, Ildemaro",545121,"D-backs",2025,"2B","149","147","14"
"Grichuk, Randal",545341,"D-backs",2025,"RF","597","294","27"
"Grichuk, Randal",545341,"D-backs",2025,"LF","71","295","-28"
"Suárez, Eugenio",553993,"D-backs",2025,"3B","3665","120","-30"
"Marte, Ketel",606466,"D-backs",2025,"2B","2184","148","12"
"Hampson, Garrett",641658,"D-backs",2025,"CF","58","318","0"
"Hampson, Garrett",641658,"D-backs",2025,"3B","32","124","-32"
"Hampson, Garrett",641658,"D-backs",2025,"SS","30","149","-13"
"Hampson, Garrett",641658,"D-backs",2025,"2B","312","149","12"
"Naylor, Josh",647304,"D-backs",2025,"1B","2716","110","33"
"Smith, Pavin",656976,"D-backs",2025,"1B","995","113","36"
"English, Tristin",663536,"D-backs",2025,"1B","64","117","34"
"McCarthy, Jake",664983,"D-backs",2025,"RF","316","298","27"
"McCarthy, Jake",664983,"D-backs",2025,"CF","381","325","0"
"McCarthy, Jake",664983,"D-backs",2025,"LF","237","299","-27"
"Gurriel Jr., Lourdes",666971,"D-backs",2025,"LF","3447","299","-28"
"Perdomo, Geraldo",672695,"D-backs",2025,"SS","3875","148","-12"
"Alexander, Blaze",677942,"D-backs",2025,"2B","335","147","13"
"Alexander, Blaze",677942,"D-backs",2025,"3B","95","118","-34"
"Thomas, Alek",677950,"D-backs",2025,"CF","2893","315","0"
"Barrosa, Jorge",678489,"D-backs",2025,"CF","113","318","1"
"Barrosa, Jorge",678489,"D-backs",2025,"LF","51","292","-27"
"Carroll, Corbin",682998,"D-backs",2025,"RF","3037","295","27"
"Carroll, Corbin",682998,"D-backs",2025,"CF","108","322","2"
"Lawlar, Jordan",691783,"D-backs",2025,"3B","26","122","-31"
"Lawlar, Jordan",691783,"D-backs",2025,"2B","183","147","12"
"Lawlar, Jordan",691783,"D-backs",2025,"SS","42","146","-13"
"Tawa, Tim",694374,"D-backs",2025,"LF","153","300","-28"
"Tawa, Tim",694374,"D-backs",2025,"2B","799","149","12"
"Tawa, Tim",694374,"D-backs",2025,"3B","61","124","-32"
"Tawa, Tim",694374,"D-backs",2025,"CF","403","323","0"
"Tawa, Tim",694374,"D-backs",2025,"1B","181","113","35"
"Tawa, Tim",694374,"D-backs",2025,"RF","12","299","27"
"Urías, Ramón",602104,"Orioles",2025,"3B","2419","121","-31"
"Urías, Ramón",602104,"Orioles",2025,"2B","34","147","14"
"Urías, Ramón",602104,"Orioles",2025,"1B","56","107","34"
"Mateo, Jorge",622761,"Orioles",2025,"CF","194","326","0"
"Mateo, Jorge",622761,"Orioles",2025,"2B","191","148","12"
"Mateo, Jorge",622761,"Orioles",2025,"LF","37","299","-25"
"Mateo, Jorge",622761,"Orioles",2025,"SS","319","146","-12"
"O'Neill, Tyler",641933,"Orioles",2025,"RF","1009","298","27"
"O'Neill, Tyler",641933,"Orioles",2025,"LF","39","306","-26"
"Mullins, Cedric",656775,"Orioles",2025,"CF","3125","322","1"
"O'Hearn, Ryan",656811,"Orioles",2025,"1B","1353","110","36"
"O'Hearn, Ryan",656811,"Orioles",2025,"RF","528","296","28"
"O'Hearn, Ryan",656811,"Orioles",2025,"LF","86","298","-27"
"Rivera, Emmanuel",656896,"Orioles",2025,"1B","189","112","35"
"Rivera, Emmanuel",656896,"Orioles",2025,"3B","467","119","-32"
"Laureano, Ramón",657656,"Orioles",2025,"CF","28","331","0"
"Laureano, Ramón",657656,"Orioles",2025,"RF","1354","301","28"
"Laureano, Ramón",657656,"Orioles",2025,"LF","881","301","-28"
"Mountcastle, Ryan",663624,"Orioles",2025,"1B","1668","112","35"
"Carlson, Dylan",666185,"Orioles",2025,"CF","148","329","0"
"Carlson, Dylan",666185,"Orioles",2025,"RF","296","296","27"
"Carlson, Dylan",666185,"Orioles",2025,"LF","815","300","-27"
"Westburg, Jordan",676059,"Orioles",2025,"2B","466","148","11"
"Westburg, Jordan",676059,"Orioles",2025,"3B","915","118","-34"
"Vázquez, Luis",676679,"Orioles",2025,"SS","112","147","-14"
"Vázquez, Luis",676679,"Orioles",2025,"3B","17","119","-35"
"Kjerstad, Heston",677008,"Orioles",2025,"LF","886","302","-27"
"Kjerstad, Heston",677008,"Orioles",2025,"RF","695","300","27"
"Adams, Jordyn",677941,"Orioles",2025,"CF","33","328","0"
"Cowser, Colton",681297,"Orioles",2025,"RF","25","297","28"
"Cowser, Colton",681297,"Orioles",2025,"LF","1172","299","-27"
"Cowser, Colton",681297,"Orioles",2025,"CF","388","328","1"
"Henderson, Gunnar",683002,"Orioles",2025,"SS","3264","147","-11"
"Mayo, Coby",691723,"Orioles",2025,"1B","650","113","35"
"Mayo, Coby",691723,"Orioles",2025,"3B","91","120","-34"
"Holliday, Jackson",702616,"Orioles",2025,"2B","3225","147","12"
"Holliday, Jackson",702616,"Orioles",2025,"SS","221","147","-13"
"Story, Trevor",596115,"Red Sox",2025,"SS","3704","146","-13"
"Bregman, Alex",608324,"Red Sox",2025,"3B","2171","116","-32"
"Refsnyder, Rob",608701,"Red Sox",2025,"LF","288","297","-27"
"Refsnyder, Rob",608701,"Red Sox",2025,"RF","573","292","29"
"Toro, Abraham",647351,"Red Sox",2025,"1B","1563","108","34"
"Toro, Abraham",647351,"Red Sox",2025,"3B","347","115","-32"
"Gonzalez, Romy",663853,"Red Sox",2025,"2B","353","149","10"
"Gonzalez, Romy",663853,"Red Sox",2025,"1B","1027","108","34"
"Gonzalez, Romy",663853,"Red Sox",2025,"3B","48","125","-34"
"Hamilton, David",666152,"Red Sox",2025,"SS","248","147","-14"
"Hamilton, David",666152,"Red Sox",2025,"2B","1167","148","11"
"Casas, Triston",671213,"Red Sox",2025,"1B","996","112","33"
"Abreu, Wilyer",677800,"Red Sox",2025,"RF","2750","288","29"
"Rafaela, Ceddanne",678882,"Red Sox",2025,"CF","3430","321","2"
"Rafaela, Ceddanne",678882,"Red Sox",2025,"2B","154","148","11"
"Duran, Jarren",680776,"Red Sox",2025,"LF","3440","296","-27"
"Duran, Jarren",680776,"Red Sox",2025,"CF","290","322","2"
"Eaton, Nate",681987,"Red Sox",2025,"3B","231","123","-31"
"Eaton, Nate",681987,"Red Sox",2025,"LF","23","294","-28"
"Sogard, Nick",686765,"Red Sox",2025,"1B","380","111","34"
"Sogard, Nick",686765,"Red Sox",2025,"3B","142","122","-31"
"Sogard, Nick",686765,"Red Sox",2025,"2B","66","150","11"
"Mayer, Marcelo",691785,"Red Sox",2025,"2B","243","148","10"
"Mayer, Marcelo",691785,"Red Sox",2025,"SS","14","147","-13"
"Mayer, Marcelo",691785,"Red Sox",2025,"3B","1028","121","-31"
"Campbell, Kristian",692225,"Red Sox",2025,"CF","248","315","2"
"Campbell, Kristian",692225,"Red Sox",2025,"2B","1991","147","10"
"Campbell, Kristian",692225,"Red Sox",2025,"LF","51","297","-29"
"Anthony, Roman",701350,"Red Sox",2025,"RF","646","289","29"
"Anthony, Roman",701350,"Red Sox",2025,"LF","143","293","-27"
"Yoshida, Masataka",807799,"Red Sox",2025,"LF","29","291","-27"
"Turner, Justin",457759,"Cubs",2025,"1B","726","110","35"
"Turner, Justin",457759,"Cubs",2025,"3B","86","118","-31"
"Berti, Jon",542932,"Cubs",2025,"3B","802","118","-31"
"Berti, Jon",542932,"Cubs",2025,"2B","199","148","11"
"Swanson, Dansby",621020,"Cubs",2025,"SS","3706","150","-11"
"Bruján, Vidal",660644,"Cubs",2025,"3B","250","121","-32"
"Bruján, Vidal",660644,"Cubs",2025,"CF","39","324","1"
"Bruján, Vidal",660644,"Cubs",2025,"LF","33","296","-27"
"Bruján, Vidal",660644,"Cubs",2025,"RF","30","294","26"
"Bruján, Vidal",660644,"Cubs",2025,"2B","56","146","13"
"Bruján, Vidal",660644,"Cubs",2025,"SS","10","150","-9"
"Hoerner, Nico",663538,"Cubs",2025,"2B","3537","149","12"
"Hoerner, Nico",663538,"Cubs",2025,"SS","66","150","-9"
"Tucker, Kyle",663656,"Cubs",2025,"RF","3163","298","27"
"Happ, Ian",664023,"Cubs",2025,"LF","3295","300","-28"
"Workman, Gage",669398,"Cubs",2025,"SS","19","147","-15"
"Workman, Gage",669398,"Cubs",2025,"3B","138","116","-33"
"Lopez, Nicky",670032,"Cubs",2025,"SS","10","149","-11"
"Lopez, Nicky",670032,"Cubs",2025,"3B","206","116","-31"
"Suzuki, Seiya",673548,"Cubs",2025,"RF","614","295","27"
"Suzuki, Seiya",673548,"Cubs",2025,"LF","483","300","-28"
"Suzuki, Seiya",673548,"Cubs",2025,"CF","42","328","1"
"Busch, Michael",683737,"Cubs",2025,"1B","3085","113","35"
"Crow-Armstrong, Pete",691718,"Cubs",2025,"CF","3730","322","0"
"Shaw, Matt",807713,"Cubs",2025,"2B","16","148","13"
"Shaw, Matt",807713,"Cubs",2025,"3B","2329","118","-30"
"Candelario, Jeimer",600869,"Reds",2025,"3B","401","124","-32"
"Candelario, Jeimer",600869,"Reds",2025,"1B","276","113","33"
"Fraley, Jake",641584,"Reds",2025,"RF","1548","290","27"
"Hampson, Garrett",641658,"Reds",2025,"SS","35","150","-11"
"Hampson, Garrett",641658,"Reds",2025,"3B","25","122","-33"
"Hampson, Garrett",641658,"Reds",2025,"2B","29","152","9"
"Hampson, Garrett",641658,"Reds",2025,"CF","19","320","-1"
"Hampson, Garrett",641658,"Reds",2025,"LF","82","297","-27"
"Wynns, Austin",642851,"Reds",2025,"1B","22","112","33"
"Joe, Connor",656582,"Reds",2025,"CF","16","326","-1"
"Joe, Connor",656582,"Reds",2025,"1B","100","113","33"
"Joe, Connor",656582,"Reds",2025,"LF","211","298","-27"
"Joe, Connor",656582,"Reds",2025,"RF","332","293","28"
"Lux, Gavin",666158,"Reds",2025,"2B","313","150","11"
"Lux, Gavin",666158,"Reds",2025,"3B","138","121","-31"
"Lux, Gavin",666158,"Reds",2025,"LF","1221","298","-27"
"Benson, Will",666181,"Reds",2025,"CF","115","316","2"
"Benson, Will",666181,"Reds",2025,"LF","621","292","-27"
"Benson, Will",666181,"Reds",2025,"RF","988","291","27"
"Steer, Spencer",668715,"Reds",2025,"LF","293","295","-28"
"Steer, Spencer",668715,"Reds",2025,"1B","2494","111","34"
"Vilade, Ryan",668723,"Reds",2025,"LF","10","288","-29"
"Espinal, Santiago",669289,"Reds",2025,"RF","131","293","28"
"Espinal, Santiago",669289,"Reds",2025,"LF","152","289","-27"
"Espinal, Santiago",669289,"Reds",2025,"SS","22","149","-10"
"Espinal, Santiago",669289,"Reds",2025,"3B","1955","123","-31"
"Espinal, Santiago",669289,"Reds",2025,"1B","23","105","32"
"Espinal, Santiago",669289,"Reds",2025,"2B","351","149","10"
"Hays, Austin",669720,"Reds",2025,"LF","919","298","-27"
"Friedl, TJ",670770,"Reds",2025,"CF","3555","323","0"
"Hurtubise, Jacob",674441,"Reds",2025,"LF","95","299","-27"
"Hinds, Rece",677956,"Reds",2025,"RF","466","292","27"
"McLain, Matt",680574,"Reds",2025,"SS","116","148","-13"
"McLain, Matt",680574,"Reds",2025,"2B","3165","148","10"
"Marte, Noelvi",682622,"Reds",2025,"RF","28","291","27"
"Marte, Noelvi",682622,"Reds",2025,"3B","1084","121","-32"
"De La Cruz, Elly",682829,"Reds",2025,"SS","3694","148","-12"
"Callihan, Tyler",682997,"Reds",2025,"LF","76","296","-28"
"Encarnacion-Strand, Christian",687952,"Reds",2025,"1B","952","112","34"
"Encarnacion-Strand, Christian",687952,"Reds",2025,"3B","264","122","-32"
"Dunn, Blake",694362,"Reds",2025,"LF","187","299","-28"
"Dunn, Blake",694362,"Reds",2025,"RF","364","294","27"
"Dunn, Blake",694362,"Reds",2025,"CF","162","322","0"
"Santana, Carlos",467793,"Guardians",2025,"1B","2881","110","33"
"Ramírez, José",608070,"Guardians",2025,"3B","3032","126","-32"
"Thomas, Lane",657041,"Guardians",2025,"CF","1234","320","2"
"Thomas, Lane",657041,"Guardians",2025,"RF","27","299","27"
"Jones, Nolan",666134,"Guardians",2025,"RF","1905","296","28"
"Jones, Nolan",666134,"Guardians",2025,"CF","508","322","1"
"Jones, Nolan",666134,"Guardians",2025,"LF","225","304","-25"
"Wilson, Will",669717,"Guardians",2025,"3B","441","122","-33"
"Wilson, Will",669717,"Guardians",2025,"2B","439","150","10"
"Rodríguez, Johnathan",671286,"Guardians",2025,"RF","571","295","27"
"Rodríguez, Johnathan",671286,"Guardians",2025,"LF","11","293","-27"
"Arias, Gabriel",672356,"Guardians",2025,"3B","150","127","-31"
"Arias, Gabriel",672356,"Guardians",2025,"SS","1813","146","-15"
"Arias, Gabriel",672356,"Guardians",2025,"2B","768","147","11"
"Rocchio, Brayan",677587,"Guardians",2025,"SS","1801","147","-14"
"Noel, Jhonkensy",678877,"Guardians",2025,"RF","1077","297","29"
"Kwan, Steven",680757,"Guardians",2025,"LF","3458","300","-26"
"Schneemann, Daniel",682177,"Guardians",2025,"RF","74","302","28"
"Schneemann, Daniel",682177,"Guardians",2025,"LF","132","309","-26"
"Schneemann, Daniel",682177,"Guardians",2025,"SS","224","148","-13"
"Schneemann, Daniel",682177,"Guardians",2025,"2B","1732","149","11"
"Schneemann, Daniel",682177,"Guardians",2025,"3B","215","120","-32"
"Schneemann, Daniel",682177,"Guardians",2025,"CF","109","330","2"
"Martínez, Angel",682657,"Guardians",2025,"CF","1977","319","2"
"Martínez, Angel",682657,"Guardians",2025,"RF","49","291","28"
"Martínez, Angel",682657,"Guardians",2025,"2B","899","149","12"
"Brennan, Will",686823,"Guardians",2025,"RF","135","294","27"
"Manzardo, Kyle",700932,"Guardians",2025,"1B","957","112","34"
"Farmer, Kyle",571657,"Rockies",2025,"1B","384","112","36"
"Farmer, Kyle",571657,"Rockies",2025,"SS","364","149","-11"
"Farmer, Kyle",571657,"Rockies",2025,"2B","905","147","13"
"Farmer, Kyle",571657,"Rockies",2025,"3B","57","124","-32"
"Martini, Nick",605361,"Rockies",2025,"RF","450","293","27"
"Martini, Nick",605361,"Rockies",2025,"LF","50","294","-28"
"Arcia, Orlando",606115,"Rockies",2025,"1B","242","114","35"
"Arcia, Orlando",606115,"Rockies",2025,"SS","324","148","-12"
"Arcia, Orlando",606115,"Rockies",2025,"2B","294","148","12"
"Arcia, Orlando",606115,"Rockies",2025,"3B","194","119","-34"
"McMahon, Ryan",641857,"Rockies",2025,"3B","3673","121","-32"
"Estrada, Thairo",642731,"Rockies",2025,"2B","1169","148","12"
"Bouchard, Sean",656248,"Rockies",2025,"1B","24","113","39"
"Bouchard, Sean",656248,"Rockies",2025,"RF","388","296","27"
"Bouchard, Sean",656248,"Rockies",2025,"LF","84","293","-27"
"Hilliard, Sam",656541,"Rockies",2025,"LF","276","298","-27"
"Hilliard, Sam",656541,"Rockies",2025,"CF","196","320","-1"
"Hilliard, Sam",656541,"Rockies",2025,"RF","93","299","27"
"Moniak, Mickey",666160,"Rockies",2025,"LF","214","302","-28"
"Moniak, Mickey",666160,"Rockies",2025,"CF","813","324","0"
"Moniak, Mickey",666160,"Rockies",2025,"RF","1452","300","27"
"Schunk, Aaron",668845,"Rockies",2025,"2B","33","146","18"
"Schunk, Aaron",668845,"Rockies",2025,"3B","75","121","-31"
"Schunk, Aaron",668845,"Rockies",2025,"SS","243","147","-11"
"Hiura, Keston",669374,"Rockies",2025,"1B","236","110","35"
"Toglia, Michael",669911,"Rockies",2025,"1B","3145","114","36"
"Freeman, Tyler",671289,"Rockies",2025,"2B","168","144","14"
"Freeman, Tyler",671289,"Rockies",2025,"RF","1219","296","26"
"Freeman, Tyler",671289,"Rockies",2025,"3B","11","119","-32"
"Trejo, Alan",676701,"Rockies",2025,"SS","503","149","-11"
"Tovar, Ezequiel",678662,"Rockies",2025,"SS","1445","146","-12"
"Miller, Owen",680911,"Rockies",2025,"3B","21","125","-30"
"Miller, Owen",680911,"Rockies",2025,"2B","159","149","12"
"Doyle, Brenton",686668,"Rockies",2025,"CF","3022","324","-1"
"Beck, Jordan",687597,"Rockies",2025,"LF","3185","294","-28"
"Ritter, Ryan",690022,"Rockies",2025,"SS","1152","146","-13"
"Ritter, Ryan",690022,"Rockies",2025,"2B","61","149","8"
"Amador, Adael",691182,"Rockies",2025,"2B","1242","147","13"
"Veen, Zac",691728,"Rockies",2025,"LF","184","300","-26"
"Veen, Zac",691728,"Rockies",2025,"RF","192","300","24"
"Fernández, Yanquiel",692585,"Rockies",2025,"RF","237","298","27"
"Fernández, Yanquiel",692585,"Rockies",2025,"LF","38","302","-28"
"Taylor, Michael A.",572191,"White Sox",2025,"RF","716","292","28"
"Taylor, Michael A.",572191,"White Sox",2025,"CF","715","321","1"
"Taylor, Michael A.",572191,"White Sox",2025,"LF","731","296","-26"
"Slater, Austin",596103,"White Sox",2025,"RF","507","299","28"
"Slater, Austin",596103,"White Sox",2025,"LF","441","301","-26"
"Jankowski, Travis",608671,"White Sox",2025,"RF","108","293","28"
"Jankowski, Travis",608671,"White Sox",2025,"CF","49","325","1"
"Palacios, Joshua",641943,"White Sox",2025,"RF","1030","295","28"
"Palacios, Joshua",641943,"White Sox",2025,"LF","269","299","-26"
"Benintendi, Andrew",643217,"White Sox",2025,"LF","1491","295","-26"
"Tauchman, Mike",643565,"White Sox",2025,"RF","1254","293","28"
"Maton, Nick",665155,"White Sox",2025,"1B","90","109","35"
"Maton, Nick",665155,"White Sox",2025,"2B","13","148","10"
"Dalbec, Bobby",666915,"White Sox",2025,"3B","36","123","-33"
"Dalbec, Bobby",666915,"White Sox",2025,"SS","47","147","-13"
"Dalbec, Bobby",666915,"White Sox",2025,"1B","83","110","32"
"Rojas, Josh",668942,"White Sox",2025,"LF","97","304","-25"
"Rojas, Josh",668942,"White Sox",2025,"3B","1235","121","-27"
"Rojas, Josh",668942,"White Sox",2025,"2B","568","148","12"
"Workman, Gage",669398,"White Sox",2025,"SS","12","132","-11"
"Workman, Gage",669398,"White Sox",2025,"3B","32","116","-31"
"Elko, Tim",671284,"White Sox",2025,"1B","617","112","34"
"Sosa, Lenyn",672820,"White Sox",2025,"2B","2372","148","12"
"Sosa, Lenyn",672820,"White Sox",2025,"1B","303","109","35"
"Sosa, Lenyn",672820,"White Sox",2025,"3B","81","120","-32"
"Robert Jr., Luis",673357,"White Sox",2025,"CF","2842","316","1"
"Amaya, Jacob",676070,"White Sox",2025,"SS","858","148","-12"
"Noda, Ryan",676116,"White Sox",2025,"RF","38","302","28"
"Noda, Ryan",676116,"White Sox",2025,"1B","327","110","35"
"Vargas, Miguel",678246,"White Sox",2025,"3B","2134","121","-31"
"Vargas, Miguel",678246,"White Sox",2025,"1B","1360","109","34"
"Baldwin, Brooks",681460,"White Sox",2025,"2B","216","148","10"
"Baldwin, Brooks",681460,"White Sox",2025,"LF","824","305","-26"
"Baldwin, Brooks",681460,"White Sox",2025,"3B","37","118","-33"
"Baldwin, Brooks",681460,"White Sox",2025,"SS","192","148","-12"
"Baldwin, Brooks",681460,"White Sox",2025,"RF","195","300","28"
"Baldwin, Brooks",681460,"White Sox",2025,"CF","293","326","1"
"Capra, Vinny",681962,"White Sox",2025,"SS","350","148","-11"
"Capra, Vinny",681962,"White Sox",2025,"3B","118","126","-31"
"Capra, Vinny",681962,"White Sox",2025,"2B","40","145","13"
"Vaughn, Andrew",683734,"White Sox",2025,"1B","1116","111","34"
"Robertson, Will",683770,"White Sox",2025,"LF","38","295","-27"
"Robertson, Will",683770,"White Sox",2025,"RF","40","299","27"
"Montgomery, Colson",695657,"White Sox",2025,"3B","229","115","-30"
"Montgomery, Colson",695657,"White Sox",2025,"SS","364","145","-9"
"Meidroth, Chase",805367,"White Sox",2025,"2B","693","147","14"
"Meidroth, Chase",805367,"White Sox",2025,"SS","2079","147","-12"
"Báez, Javier",595879,"Tigers",2025,"2B","119","145","14"
"Báez, Javier",595879,"Tigers",2025,"3B","606","111","-32"
"Báez, Javier",595879,"Tigers",2025,"SS","1088","146","-13"
"Báez, Javier",595879,"Tigers",2025,"CF","1053","324","-1"
"Margot, Manuel",622534,"Tigers",2025,"RF","163","295","25"
"Ibáñez, Andy",628451,"Tigers",2025,"2B","106","147","13"
"Ibáñez, Andy",628451,"Tigers",2025,"3B","655","112","-32"
"Ibáñez, Andy",628451,"Tigers",2025,"1B","28","109","33"
"Torres, Gleyber",650402,"Tigers",2025,"2B","2878","149","12"
"McKinstry, Zach",656716,"Tigers",2025,"3B","1663","119","-32"
"McKinstry, Zach",656716,"Tigers",2025,"2B","50","147","12"
"McKinstry, Zach",656716,"Tigers",2025,"RF","818","296","25"
"McKinstry, Zach",656716,"Tigers",2025,"SS","321","149","-12"
"McKinstry, Zach",656716,"Tigers",2025,"LF","352","296","-27"
"Jones, Jahmai",663330,"Tigers",2025,"RF","63","294","26"
"Jones, Jahmai",663330,"Tigers",2025,"LF","34","297","-27"
"Vierling, Matt",663837,"Tigers",2025,"LF","191","297","-27"
"Vierling, Matt",663837,"Tigers",2025,"3B","10","127","-30"
"Vierling, Matt",663837,"Tigers",2025,"RF","23","297","24"
"Vierling, Matt",663837,"Tigers",2025,"CF","335","321","-1"
"Baddoo, Akil",668731,"Tigers",2025,"LF","150","297","-27"
"Baddoo, Akil",668731,"Tigers",2025,"RF","50","294","25"
"Kreidler, Ryan",668952,"Tigers",2025,"CF","478","324","-1"
"Malloy, Justyn-Henry",669234,"Tigers",2025,"RF","313","296","26"
"Malloy, Justyn-Henry",669234,"Tigers",2025,"LF","24","300","-27"
"Pérez, Wenceel",672761,"Tigers",2025,"RF","1291","297","25"
"Pérez, Wenceel",672761,"Tigers",2025,"CF","231","324","0"
"Pérez, Wenceel",672761,"Tigers",2025,"LF","44","300","-26"
"Hicklen, Brewer",676551,"Tigers",2025,"CF","33","315","0"
"Meadows, Parker",678009,"Tigers",2025,"CF","1279","324","-1"
"Torkelson, Spencer",679529,"Tigers",2025,"1B","3226","113","34"
"Carpenter, Kerry",681481,"Tigers",2025,"LF","541","297","-26"
"Carpenter, Kerry",681481,"Tigers",2025,"RF","1132","293","25"
"Greene, Riley",682985,"Tigers",2025,"CF","476","321","0"
"Greene, Riley",682985,"Tigers",2025,"RF","35","293","27"
"Greene, Riley",682985,"Tigers",2025,"LF","2549","297","-27"
"Jung, Jace",690291,"Tigers",2025,"3B","541","121","-32"
"Keith, Colt",690993,"Tigers",2025,"1B","627","110","35"
"Keith, Colt",690993,"Tigers",2025,"3B","413","116","-31"
"Keith, Colt",690993,"Tigers",2025,"2B","730","147","11"
"Sweeney, Trey",700242,"Tigers",2025,"SS","2475","149","-12"
"Altuve, Jose",514888,"Astros",2025,"2B","1162","146","14"
"Altuve, Jose",514888,"Astros",2025,"LF","1432","302","-27"
"Singleton, Jon",572138,"Astros",2025,"1B","17","117","36"
"Walker, Christian",572233,"Astros",2025,"1B","3501","112","35"
"Caratini, Victor",605170,"Astros",2025,"1B","268","106","35"
"Guillorme, Luis",641645,"Astros",2025,"2B","86","147","11"
"Guillorme, Luis",641645,"Astros",2025,"3B","158","118","-30"
"Dubón, Mauricio",643289,"Astros",2025,"CF","106","320","1"
"Dubón, Mauricio",643289,"Astros",2025,"3B","408","120","-32"
"Dubón, Mauricio",643289,"Astros",2025,"SS","558","145","-12"
"Dubón, Mauricio",643289,"Astros",2025,"1B","10","113","33"
"Dubón, Mauricio",643289,"Astros",2025,"2B","988","146","15"
"Dubón, Mauricio",643289,"Astros",2025,"RF","70","295","27"
"Dubón, Mauricio",643289,"Astros",2025,"LF","352","302","-27"
"Rodgers, Brendan",663898,"Astros",2025,"2B","1172","148","13"
"Peña, Jeremy",665161,"Astros",2025,"SS","2833","147","-10"
"Trammell, Taylor",666211,"Astros",2025,"CF","308","328","-1"
"Trammell, Taylor",666211,"Astros",2025,"LF","257","304","-28"
"Hummel, Cooper",669450,"Astros",2025,"LF","670","304","-27"
"Short, Zack",670097,"Astros",2025,"SS","452","147","-11"
"Alvarez, Yordan",670541,"Astros",2025,"LF","196","301","-26"
"Paredes, Isaac",670623,"Astros",2025,"3B","3172","120","-30"
"Meyers, Jake",676694,"Astros",2025,"CF","2951","322","0"
"McCormick, Chas",676801,"Astros",2025,"RF","166","300","25"
"McCormick, Chas",676801,"Astros",2025,"CF","395","323","0"
"McCormick, Chas",676801,"Astros",2025,"LF","229","303","-26"
"Corona, Kenedy",685744,"Astros",2025,"CF","51","324","-2"
"Melton, Jacob",689200,"Astros",2025,"CF","32","333","-1"
"Melton, Jacob",689200,"Astros",2025,"LF","233","308","-26"
"Melton, Jacob",689200,"Astros",2025,"RF","33","303","27"
"Whitcomb, Shay",694376,"Astros",2025,"2B","111","148","9"
"Whitcomb, Shay",694376,"Astros",2025,"3B","99","117","-32"
"Whitcomb, Shay",694376,"Astros",2025,"LF","12","303","-26"
"Matthews, Brice",694728,"Astros",2025,"2B","324","147","12"
"Dezenzo, Zach",701305,"Astros",2025,"1B","47","113","36"
"Dezenzo, Zach",701305,"Astros",2025,"RF","350","306","26"
"Dezenzo, Zach",701305,"Astros",2025,"LF","462","305","-26"
"Smith, Cam",701358,"Astros",2025,"RF","3224","301","26"
"Perez, Salvador",521692,"Royals",2025,"1B","871","110","35"
"Canha, Mark",592192,"Royals",2025,"1B","57","107","33"
"Canha, Mark",592192,"Royals",2025,"LF","547","296","-29"
"Canha, Mark",592192,"Royals",2025,"RF","244","294","29"
"Renfroe, Hunter",592669,"Royals",2025,"RF","992","290","27"
"Biggio, Cavan",624415,"Royals",2025,"LF","120","295","-29"
"Biggio, Cavan",624415,"Royals",2025,"RF","174","291","27"
"Biggio, Cavan",624415,"Royals",2025,"3B","43","127","-31"
"Biggio, Cavan",624415,"Royals",2025,"1B","183","112","34"
"Biggio, Cavan",624415,"Royals",2025,"2B","44","147","10"
"Frazier, Adam",624428,"Royals",2025,"LF","26","294","-26"
"Frazier, Adam",624428,"Royals",2025,"2B","28","148","13"
"India, Jonathan",663697,"Royals",2025,"LF","573","292","-29"
"India, Jonathan",663697,"Royals",2025,"3B","636","118","-33"
"India, Jonathan",663697,"Royals",2025,"2B","1518","147","12"
"Isbel, Kyle",664728,"Royals",2025,"CF","2845","320","0"
"Melendez, MJ",669004,"Royals",2025,"RF","106","286","26"
"Melendez, MJ",669004,"Royals",2025,"LF","326","287","-28"
"Rave, John",670231,"Royals",2025,"RF","499","290","28"
"Rave, John",670231,"Royals",2025,"CF","44","326","0"
"Rave, John",670231,"Royals",2025,"LF","479","298","-29"
"Waters, Drew",671221,"Royals",2025,"RF","550","284","27"
"Waters, Drew",671221,"Royals",2025,"LF","966","290","-28"
"Waters, Drew",671221,"Royals",2025,"CF","603","318","-1"
"Garcia, Maikel",672580,"Royals",2025,"2B","288","148","13"
"Garcia, Maikel",672580,"Royals",2025,"SS","197","149","-12"
"Garcia, Maikel",672580,"Royals",2025,"RF","32","290","25"
"Garcia, Maikel",672580,"Royals",2025,"CF","127","317","0"
"Garcia, Maikel",672580,"Royals",2025,"3B","2792","125","-32"
"Witt Jr., Bobby",677951,"Royals",2025,"SS","3576","149","-12"
"Loftin, Nick",679845,"Royals",2025,"2B","277","148","13"
"Loftin, Nick",679845,"Royals",2025,"3B","266","123","-31"
"Loftin, Nick",679845,"Royals",2025,"LF","521","288","-28"
"Blanco, Dairon",680118,"Royals",2025,"LF","47","288","-28"
"Blanco, Dairon",680118,"Royals",2025,"CF","62","321","-1"
"Pasquantino, Vinnie",686469,"Royals",2025,"1B","2596","111","35"
"Tolbert, Tyler",686475,"Royals",2025,"LF","36","297","-28"
"Tolbert, Tyler",686475,"Royals",2025,"RF","30","297","27"
"Tolbert, Tyler",686475,"Royals",2025,"2B","41","150","12"
"Tolbert, Tyler",686475,"Royals",2025,"3B","37","120","-32"
"Tolbert, Tyler",686475,"Royals",2025,"CF","101","320","0"
"Massey, Michael",686681,"Royals",2025,"2B","1577","149","11"
"Massey, Michael",686681,"Royals",2025,"LF","141","300","-29"
"Caglianone, Jac",695506,"Royals",2025,"RF","1146","288","27"
"Caglianone, Jac",695506,"Royals",2025,"1B","75","114","35"
"Trout, Mike",545361,"Angels",2025,"RF","822","296","27"
"Davis, J.D.",605204,"Angels",2025,"3B","34","112","-31"
"Davis, J.D.",605204,"Angels",2025,"1B","66","106","34"
"Newman, Kevin",621028,"Angels",2025,"3B","598","118","-31"
"Newman, Kevin",621028,"Angels",2025,"2B","132","145","12"
"Newman, Kevin",621028,"Angels",2025,"1B","72","107","37"
"Newman, Kevin",621028,"Angels",2025,"SS","389","148","-11"
"Taylor, Chris",621035,"Angels",2025,"LF","37","294","-25"
"Taylor, Chris",621035,"Angels",2025,"2B","121","148","13"
"Taylor, Chris",621035,"Angels",2025,"CF","74","321","1"
"Taylor, Chris",621035,"Angels",2025,"RF","197","297","26"
"Taylor, Chris",621035,"Angels",2025,"3B","14","120","-32"
"Ward, Taylor",621493,"Angels",2025,"LF","3788","299","-26"
"Soler, Jorge",624585,"Angels",2025,"RF","1337","299","27"
"Anderson, Tim",641313,"Angels",2025,"2B","569","147","12"
"Anderson, Tim",641313,"Angels",2025,"SS","418","147","-11"
"Rengifo, Luis",650859,"Angels",2025,"RF","29","297","27"
"Rengifo, Luis",650859,"Angels",2025,"2B","1570","145","14"
"Rengifo, Luis",650859,"Angels",2025,"3B","1841","119","-30"
"Moncada, Yoán",660162,"Angels",2025,"3B","1414","117","-30"
"Kingery, Scott",664068,"Angels",2025,"2B","223","147","13"
"Kingery, Scott",664068,"Angels",2025,"RF","14","295","26"
"Kingery, Scott",664068,"Angels",2025,"SS","54","149","-7"
"Kingery, Scott",664068,"Angels",2025,"CF","29","326","0"
"Wade Jr., LaMonte",664774,"Angels",2025,"RF","500","295","26"
"Wade Jr., LaMonte",664774,"Angels",2025,"LF","31","301","-28"
"Wade Jr., LaMonte",664774,"Angels",2025,"1B","124","114","37"
"Adell, Jo",666176,"Angels",2025,"CF","2764","324","0"
"Adell, Jo",666176,"Angels",2025,"RF","738","296","27"
"Lopez, Nicky",670032,"Angels",2025,"3B","31","119","-33"
"Lopez, Nicky",670032,"Angels",2025,"SS","42","143","-13"
"Campero, Gustavo",672569,"Angels",2025,"LF","50","293","-26"
"Campero, Gustavo",672569,"Angels",2025,"RF","291","295","26"
"Stevens, Chad",677060,"Angels",2025,"3B","57","120","-34"
"Stevens, Chad",677060,"Angels",2025,"2B","97","148","11"
"Paris, Kyren",677347,"Angels",2025,"CF","799","319","0"
"Paris, Kyren",677347,"Angels",2025,"2B","664","145","13"
"Lugo, Matthew",683090,"Angels",2025,"CF","315","323","0"
"Lugo, Matthew",683090,"Angels",2025,"LF","69","298","-27"
"Lugo, Matthew",683090,"Angels",2025,"RF","61","292","26"
"Neto, Zach",687263,"Angels",2025,"SS","3086","147","-11"
"Kavadas, Niko",694359,"Angels",2025,"1B","11","118","35"
"Schanuel, Nolan",694384,"Angels",2025,"1B","3716","109","36"
"Moore, Christian",695681,"Angels",2025,"2B","613","146","13"
"Rojas, Miguel",500743,"Dodgers",2025,"1B","11","115","29"
"Rojas, Miguel",500743,"Dodgers",2025,"2B","586","149","9"
"Rojas, Miguel",500743,"Dodgers",2025,"SS","433","148","-13"
"Rojas, Miguel",500743,"Dodgers",2025,"3B","552","120","-32"
"Freeman, Freddie",518692,"Dodgers",2025,"1B","3229","109","34"
"Hernández, Enrique",571771,"Dodgers",2025,"CF","125","318","-1"
"Hernández, Enrique",571771,"Dodgers",2025,"LF","280","294","-27"
"Hernández, Enrique",571771,"Dodgers",2025,"3B","288","122","-33"
"Hernández, Enrique",571771,"Dodgers",2025,"2B","360","148","12"
"Hernández, Enrique",571771,"Dodgers",2025,"1B","653","112","33"
"Muncy, Max",571970,"Dodgers",2025,"3B","2788","122","-32"
"Betts, Mookie",605141,"Dodgers",2025,"SS","3389","148","-14"
"Hernández, Teoscar",606192,"Dodgers",2025,"RF","2871","293","27"
"Taylor, Chris",621035,"Dodgers",2025,"LF","179","295","-27"
"Taylor, Chris",621035,"Dodgers",2025,"2B","65","150","9"
"Taylor, Chris",621035,"Dodgers",2025,"CF","158","317","-1"
"Conforto, Michael",624424,"Dodgers",2025,"LF","2921","295","-27"
"Ruiz, Esteury",665923,"Dodgers",2025,"LF","106","290","-27"
"Ruiz, Esteury",665923,"Dodgers",2025,"RF","77","287","27"
"Edman, Tommy",669242,"Dodgers",2025,"CF","565","316","0"
"Edman, Tommy",669242,"Dodgers",2025,"3B","323","119","-32"
"Edman, Tommy",669242,"Dodgers",2025,"2B","2026","149","11"
"Outman, James",681546,"Dodgers",2025,"RF","18","292","26"
"Outman, James",681546,"Dodgers",2025,"CF","443","319","-1"
"Pages, Andy",681624,"Dodgers",2025,"CF","2289","318","-1"
"Pages, Andy",681624,"Dodgers",2025,"LF","465","296","-27"
"Pages, Andy",681624,"Dodgers",2025,"RF","984","293","26"
"Rushing, Dalton",687221,"Dodgers",2025,"1B","46","120","34"
"Kim, Hyeseong",808975,"Dodgers",2025,"CF","371","318","-1"
"Kim, Hyeseong",808975,"Dodgers",2025,"2B","914","148","11"
"Kim, Hyeseong",808975,"Dodgers",2025,"SS","129","147","-13"
"Hill, Derek",656537,"Marlins",2025,"CF","899","320","2"
"Sánchez, Jesús",660821,"Marlins",2025,"LF","52","302","-27"
"Sánchez, Jesús",660821,"Marlins",2025,"CF","301","323","2"
"Sánchez, Jesús",660821,"Marlins",2025,"RF","2242","291","28"
"Conine, Griffin",665052,"Marlins",2025,"LF","494","291","-27"
"Conine, Griffin",665052,"Marlins",2025,"RF","125","291","28"
"Myers, Dane",667472,"Marlins",2025,"LF","45","295","-27"
"Myers, Dane",667472,"Marlins",2025,"RF","275","292","28"
"Myers, Dane",667472,"Marlins",2025,"CF","2032","320","1"
"Stowers, Kyle",669065,"Marlins",2025,"LF","1821","302","-28"
"Stowers, Kyle",669065,"Marlins",2025,"CF","235","325","0"
"Stowers, Kyle",669065,"Marlins",2025,"RF","1056","295","28"
"Edwards, Xavier",669364,"Marlins",2025,"2B","1530","147","13"
"Edwards, Xavier",669364,"Marlins",2025,"SS","1585","147","-11"
"Mervis, Matt",670223,"Marlins",2025,"1B","881","109","35"
"Lopez, Otto",672640,"Marlins",2025,"2B","1199","145","13"
"Lopez, Otto",672640,"Marlins",2025,"SS","1921","147","-12"
"Winkler, Jack",676466,"Marlins",2025,"2B","84","148","11"
"Winkler, Jack",676466,"Marlins",2025,"SS","54","147","-12"
"Winkler, Jack",676466,"Marlins",2025,"1B","11","112","35"
"Wagaman, Eric",676572,"Marlins",2025,"LF","452","298","-27"
"Wagaman, Eric",676572,"Marlins",2025,"RF","40","295","27"
"Wagaman, Eric",676572,"Marlins",2025,"3B","10","122","-31"
"Wagaman, Eric",676572,"Marlins",2025,"1B","2413","110","36"
"Bride, Jonah",681146,"Marlins",2025,"3B","82","116","-31"
"Bride, Jonah",681146,"Marlins",2025,"1B","133","109","35"
"Norby, Connor",681393,"Marlins",2025,"3B","2418","120","-31"
"Hernandez, Heriberto",681715,"Marlins",2025,"RF","125","291","28"
"Hernandez, Heriberto",681715,"Marlins",2025,"LF","436","296","-27"
"Simon, Ronny",682927,"Marlins",2025,"2B","261","145","14"
"Simon, Ronny",682927,"Marlins",2025,"LF","132","296","-27"
"Mesa Jr., Victor",683748,"Marlins",2025,"CF","101","321","0"
"Pauley, Graham",688363,"Marlins",2025,"2B","92","146","13"
"Pauley, Graham",688363,"Marlins",2025,"3B","1022","121","-30"
"Pauley, Graham",688363,"Marlins",2025,"1B","28","104","33"
"Hicks, Liam",689414,"Marlins",2025,"1B","393","109","36"
"Sanoja, Javier",691594,"Marlins",2025,"LF","431","295","-28"
"Sanoja, Javier",691594,"Marlins",2025,"3B","331","116","-30"
"Sanoja, Javier",691594,"Marlins",2025,"CF","295","317","2"
"Sanoja, Javier",691594,"Marlins",2025,"2B","697","146","13"
"Sanoja, Javier",691594,"Marlins",2025,"SS","294","145","-11"
"Yelich, Christian",592885,"Brewers",2025,"LF","359","297","-27"
"Bauers, Jake",641343,"Brewers",2025,"1B","576","112","35"
"Bauers, Jake",641343,"Brewers",2025,"LF","534","300","-28"
"Bauers, Jake",641343,"Brewers",2025,"RF","75","296","28"
"Monasterio, Andruw",655316,"Brewers",2025,"2B","107","147","12"
"Monasterio, Andruw",655316,"Brewers",2025,"3B","134","121","-32"
"Monasterio, Andruw",655316,"Brewers",2025,"SS","282","147","-12"
"Monasterio, Andruw",655316,"Brewers",2025,"1B","38","112","35"
"Hoskins, Rhys",656555,"Brewers",2025,"1B","2805","112","35"
"Perkins, Blake",663368,"Brewers",2025,"CF","196","323","0"
"Cameron, Daz",663662,"Brewers",2025,"LF","143","295","-28"
"Cameron, Daz",663662,"Brewers",2025,"RF","197","288","28"
"Turang, Brice",668930,"Brewers",2025,"2B","3576","148","13"
"Mitchell, Garrett",669003,"Brewers",2025,"CF","781","329","0"
"Black, Tyler",672012,"Brewers",2025,"1B","42","107","37"
"Seigler, Anthony",678011,"Brewers",2025,"3B","147","119","-31"
"Capra, Vinny",681962,"Brewers",2025,"3B","470","122","-34"
"Capra, Vinny",681962,"Brewers",2025,"2B","32","149","10"
"Capra, Vinny",681962,"Brewers",2025,"SS","45","146","-15"
"Avans, Drew",682183,"Brewers",2025,"LF","36","303","-27"
"Vaughn, Andrew",683734,"Brewers",2025,"1B","341","113","34"
"Frelick, Sal",686217,"Brewers",2025,"1B","10","125","37"
"Frelick, Sal",686217,"Brewers",2025,"CF","261","328","0"
"Frelick, Sal",686217,"Brewers",2025,"RF","3023","301","27"
"Dunn, Oliver",686554,"Brewers",2025,"1B","11","120","36"
"Dunn, Oliver",686554,"Brewers",2025,"3B","398","123","-32"
"Collins, Isaac",686555,"Brewers",2025,"2B","11","144","14"
"Collins, Isaac",686555,"Brewers",2025,"LF","2066","305","-27"
"Collins, Isaac",686555,"Brewers",2025,"RF","80","299","28"
"Ortiz, Joey",687401,"Brewers",2025,"SS","3492","149","-12"
"Chourio, Jackson",694192,"Brewers",2025,"RF","448","300","26"
"Chourio, Jackson",694192,"Brewers",2025,"LF","682","302","-28"
"Chourio, Jackson",694192,"Brewers",2025,"CF","2585","330","-1"
"Durbin, Caleb",702332,"Brewers",2025,"2B","97","151","6"
"Durbin, Caleb",702332,"Brewers",2025,"3B","2667","126","-33"
"Correa, Carlos",621043,"Twins",2025,"SS","3058","149","-11"
"Buxton, Byron",621439,"Twins",2025,"CF","2874","323","1"
"Castro, Willi",650489,"Twins",2025,"RF","645","295","30"
"Castro, Willi",650489,"Twins",2025,"LF","893","299","-27"
"Castro, Willi",650489,"Twins",2025,"SS","106","147","-12"
"Castro, Willi",650489,"Twins",2025,"2B","950","147","14"
"Castro, Willi",650489,"Twins",2025,"3B","314","120","-33"
"Larnach, Trevor",663616,"Twins",2025,"RF","993","293","29"
"Larnach, Trevor",663616,"Twins",2025,"LF","510","296","-28"
"France, Ty",664034,"Twins",2025,"1B","3292","114","35"
"Bader, Harrison",664056,"Twins",2025,"RF","179","296","29"
"Bader, Harrison",664056,"Twins",2025,"LF","2084","296","-27"
"Bader, Harrison",664056,"Twins",2025,"CF","610","327","1"
"Clemens, Kody",665019,"Twins",2025,"LF","61","305","-28"
"Clemens, Kody",665019,"Twins",2025,"1B","399","114","36"
"Clemens, Kody",665019,"Twins",2025,"2B","1063","146","15"
"Clemens, Kody",665019,"Twins",2025,"RF","142","298","29"
"Julien, Edouard",666397,"Twins",2025,"2B","650","146","14"
"Lewis, Royce",668904,"Twins",2025,"3B","1380","117","-30"
"Miranda, Jose",669304,"Twins",2025,"3B","354","122","-32"
"Wallner, Matt",670242,"Twins",2025,"RF","1453","291","29"
"McCusker, Carson",676812,"Twins",2025,"RF","60","296","31"
"Keirsey Jr., DaShawn",680577,"Twins",2025,"LF","240","296","-27"
"Keirsey Jr., DaShawn",680577,"Twins",2025,"RF","332","291","29"
"Keirsey Jr., DaShawn",680577,"Twins",2025,"CF","307","326","0"
"Fitzgerald, Ryan",680837,"Twins",2025,"2B","29","149","13"
"Bride, Jonah",681146,"Twins",2025,"2B","28","144","16"
"Bride, Jonah",681146,"Twins",2025,"3B","538","118","-31"
"Bride, Jonah",681146,"Twins",2025,"1B","79","109","36"
"Gasper, Mickey",681508,"Twins",2025,"2B","53","144","12"
"Gasper, Mickey",681508,"Twins",2025,"1B","34","106","35"
"Gasper, Mickey",681508,"Twins",2025,"LF","16","299","-30"
"Lee, Brooks",686797,"Twins",2025,"2B","956","146","16"
"Lee, Brooks",686797,"Twins",2025,"SS","636","147","-12"
"Lee, Brooks",686797,"Twins",2025,"3B","1218","121","-32"
"Keaschall, Luke",807712,"Twins",2025,"2B","75","146","16"
"Marte, Starling",516782,"Mets",2025,"RF","19","299","26"
"Marte, Starling",516782,"Mets",2025,"LF","107","299","-26"
"Lindor, Francisco",596019,"Mets",2025,"SS","3691","147","-12"
"Nimmo, Brandon",607043,"Mets",2025,"CF","22","320","0"
"Nimmo, Brandon",607043,"Mets",2025,"LF","3466","299","-27"
"Winker, Jesse",608385,"Mets",2025,"LF","23","300","-28"
"Taylor, Tyrone",621438,"Mets",2025,"LF","15","300","-26"
"Taylor, Tyrone",621438,"Mets",2025,"CF","2869","324","1"
"Alonso, Pete",624413,"Mets",2025,"1B","3892","111","35"
"Azocar, José",640492,"Mets",2025,"CF","75","316","-1"
"Azocar, José",640492,"Mets",2025,"RF","61","293","26"
"Azocar, José",640492,"Mets",2025,"LF","87","295","-25"
"Siri, Jose",642350,"Mets",2025,"CF","260","315","0"
"McNeil, Jeff",643446,"Mets",2025,"LF","204","305","-27"
"McNeil, Jeff",643446,"Mets",2025,"2B","1170","147","12"
"McNeil, Jeff",643446,"Mets",2025,"CF","688","329","0"
"McNeil, Jeff",643446,"Mets",2025,"RF","51","303","28"
"Soto, Juan",665742,"Mets",2025,"RF","3780","293","26"
"Vientos, Mark",668901,"Mets",2025,"1B","23","108","34"
"Vientos, Mark",668901,"Mets",2025,"3B","1655","120","-31"
"Young, Jared",676724,"Mets",2025,"LF","14","296","-26"
"Mauricio, Ronny",677595,"Mets",2025,"SS","79","147","-14"
"Mauricio, Ronny",677595,"Mets",2025,"3B","679","122","-33"
"Mauricio, Ronny",677595,"Mets",2025,"2B","223","149","11"
"Acuña, Luisangel",682668,"Mets",2025,"SS","153","147","-13"
"Acuña, Luisangel",682668,"Mets",2025,"2B","1582","147","13"
"Acuña, Luisangel",682668,"Mets",2025,"3B","32","110","-32"
"Baty, Brett",683146,"Mets",2025,"3B","1557","119","-32"
"Baty, Brett",683146,"Mets",2025,"2B","948","148","12"
"Goldschmidt, Paul",502671,"Yankees",2025,"1B","3036","111","34"
"LeMahieu, DJ",518934,"Yankees",2025,"2B","1364","150","12"
"Judge, Aaron",592450,"Yankees",2025,"RF","2902","287","26"
"Reyes, Pablo",622569,"Yankees",2025,"3B","85","117","-34"
"Reyes, Pablo",622569,"Yankees",2025,"2B","132","147","14"
"Reyes, Pablo",622569,"Yankees",2025,"RF","97","297","28"
"Bellinger, Cody",641355,"Yankees",2025,"LF","1422","289","-26"
"Bellinger, Cody",641355,"Yankees",2025,"1B","91","113","36"
"Bellinger, Cody",641355,"Yankees",2025,"RF","821","290","26"
"Bellinger, Cody",641355,"Yankees",2025,"CF","1066","318","0"
"Escarra, J.C.",641555,"Yankees",2025,"1B","50","115","34"
"Escarra, J.C.",641555,"Yankees",2025,"3B","11","105","-32"
"Grisham, Trent",663757,"Yankees",2025,"CF","2759","319","0"
"Cabrera, Oswaldo",665828,"Yankees",2025,"1B","16","112","32"
"Cabrera, Oswaldo",665828,"Yankees",2025,"3B","1098","118","-31"
"Chisholm Jr., Jazz",665862,"Yankees",2025,"3B","1005","124","-33"
"Chisholm Jr., Jazz",665862,"Yankees",2025,"2B","1552","149","10"
"Peraza, Oswald",672724,"Yankees",2025,"2B","367","149","10"
"Peraza, Oswald",672724,"Yankees",2025,"3B","1278","124","-31"
"Peraza, Oswald",672724,"Yankees",2025,"SS","180","148","-12"
"Vivas, Jorbit",678391,"Yankees",2025,"2B","411","147","10"
"Vivas, Jorbit",678391,"Yankees",2025,"3B","349","119","-30"
"Volpe, Anthony",683011,"Yankees",2025,"SS","3646","150","-12"
"Domínguez, Jasson",691176,"Yankees",2025,"LF","2392","293","-27"
"Rice, Ben",700250,"Yankees",2025,"1B","633","114","36"
"Harper, Bryce",547180,"Phillies",2025,"1B","2725","109","35"
"Castellanos, Nick",592206,"Phillies",2025,"RF","3540","290","28"
"Kepler, Max",596146,"Phillies",2025,"RF","305","293","28"
"Kepler, Max",596146,"Phillies",2025,"LF","2659","299","-27"
"Turner, Trea",607208,"Phillies",2025,"SS","3725","147","-14"
"Sosa, Edmundo",624641,"Phillies",2025,"SS","131","147","-15"
"Sosa, Edmundo",624641,"Phillies",2025,"2B","676","147","12"
"Sosa, Edmundo",624641,"Phillies",2025,"3B","621","117","-34"
"Sosa, Edmundo",624641,"Phillies",2025,"LF","47","298","-27"
"Wilson, Weston",642215,"Phillies",2025,"1B","55","110","35"
"Wilson, Weston",642215,"Phillies",2025,"LF","370","296","-27"
"Schwarber, Kyle",656941,"Phillies",2025,"LF","231","292","-26"
"Bohm, Alec",664761,"Phillies",2025,"1B","507","111","35"
"Bohm, Alec",664761,"Phillies",2025,"3B","2887","117","-33"
"Clemens, Kody",665019,"Phillies",2025,"LF","16","292","-28"
"Marsh, Brandon",669016,"Phillies",2025,"LF","310","292","-27"
"Marsh, Brandon",669016,"Phillies",2025,"CF","2101","322","1"
"Marsh, Brandon",669016,"Phillies",2025,"RF","11","289","28"
"Stevenson, Cal",670276,"Phillies",2025,"CF","65","316","1"
"Kennedy, Buddy",671083,"Phillies",2025,"1B","50","106","34"
"Kennedy, Buddy",671083,"Phillies",2025,"3B","14","115","-34"
"Rojas, Johan",679032,"Phillies",2025,"CF","1681","314","1"
"Stott, Bryson",681082,"Phillies",2025,"2B","3171","147","13"
"Kemp, Otto",805249,"Phillies",2025,"LF","223","302","-27"
"Kemp, Otto",805249,"Phillies",2025,"3B","334","115","-34"
"Kemp, Otto",805249,"Phillies",2025,"1B","519","109","35"
"McCutchen, Andrew",457705,"Pirates",2025,"LF","39","296","-27"
"McCutchen, Andrew",457705,"Pirates",2025,"RF","207","304","27"
"Pham, Tommy",502054,"Pirates",2025,"RF","107","289","26"
"Pham, Tommy",502054,"Pirates",2025,"LF","2248","288","-27"
"Frazier, Adam",624428,"Pirates",2025,"2B","1773","146","13"
"Frazier, Adam",624428,"Pirates",2025,"LF","421","290","-26"
"Frazier, Adam",624428,"Pirates",2025,"RF","140","286","28"
"Kiner-Falefa, Isiah",643396,"Pirates",2025,"3B","33","116","-30"
"Kiner-Falefa, Isiah",643396,"Pirates",2025,"SS","3210","146","-11"
"Hayes, Ke'Bryan",663647,"Pirates",2025,"3B","3417","115","-31"
"Cruz, Oneil",665833,"Pirates",2025,"CF","3138","313","0"
"Valdez, Enmanuel",665839,"Pirates",2025,"2B","84","148","13"
"Valdez, Enmanuel",665839,"Pirates",2025,"1B","797","107","36"
"Reynolds, Bryan",668804,"Pirates",2025,"RF","2706","298","28"
"Solak, Nick",669256,"Pirates",2025,"1B","81","105","35"
"Solak, Nick",669256,"Pirates",2025,"2B","14","136","13"
"Solak, Nick",669256,"Pirates",2025,"LF","30","297","-28"
"Suwinski, Jack",669261,"Pirates",2025,"CF","169","318","1"
"Suwinski, Jack",669261,"Pirates",2025,"LF","268","293","-28"
"Suwinski, Jack",669261,"Pirates",2025,"RF","232","289","27"
"Triolo, Jared",669707,"Pirates",2025,"3B","359","118","-32"
"Triolo, Jared",669707,"Pirates",2025,"2B","350","146","12"
"Triolo, Jared",669707,"Pirates",2025,"SS","482","146","-11"
"Triolo, Jared",669707,"Pirates",2025,"1B","475","113","35"
"Canario, Alexander",672744,"Pirates",2025,"LF","766","296","-27"
"Canario, Alexander",672744,"Pirates",2025,"CF","340","323","0"
"Canario, Alexander",672744,"Pirates",2025,"RF","402","293","27"
"Bae, Ji Hwan",678225,"Pirates",2025,"LF","33","296","-25"
"Bae, Ji Hwan",678225,"Pirates",2025,"CF","79","323","1"
"Peguero, Liover",678894,"Pirates",2025,"2B","67","149","12"
"Peguero, Liover",678894,"Pirates",2025,"SS","45","145","-11"
"Rodríguez, Endy",682848,"Pirates",2025,"1B","326","105","33"
"Gorski, Matt",685301,"Pirates",2025,"1B","329","106","36"
"Gorski, Matt",685301,"Pirates",2025,"CF","49","324","1"
"Horwitz, Spencer",687462,"Pirates",2025,"1B","1795","108","35"
"Cheng, Tsung-Che",691907,"Pirates",2025,"SS","62","148","-11"
"Cheng, Tsung-Che",691907,"Pirates",2025,"2B","23","149","9"
"Gonzales, Nick",693304,"Pirates",2025,"SS","10","149","-11"
"Gonzales, Nick",693304,"Pirates",2025,"2B","1498","146","12"
"Cook, Billy",695257,"Pirates",2025,"RF","14","294","27"
"Cook, Billy",695257,"Pirates",2025,"CF","34","316","0"
"Gurriel, Yuli",493329,"Padres",2025,"1B","147","114","35"
"Heyward, Jason",518792,"Padres",2025,"CF","45","320","1"
"Heyward, Jason",518792,"Padres",2025,"LF","760","302","-28"
"Heyward, Jason",518792,"Padres",2025,"RF","68","295","27"
"Iglesias, Jose",578428,"Padres",2025,"SS","417","148","-10"
"Iglesias, Jose",578428,"Padres",2025,"2B","1139","148","13"
"Iglesias, Jose",578428,"Padres",2025,"LF","13","291","-27"
"Iglesias, Jose",578428,"Padres",2025,"3B","407","119","-29"
"Machado, Manny",592518,"Padres",2025,"3B","3388","123","-28"
"Bogaerts, Xander",593428,"Padres",2025,"SS","3404","148","-11"
"Cronenworth, Jake",630105,"Padres",2025,"2B","2502","148","12"
"Cronenworth, Jake",630105,"Padres",2025,"1B","287","112","34"
"Wade, Tyler",642180,"Padres",2025,"CF","624","324","0"
"Wade, Tyler",642180,"Padres",2025,"RF","50","295","27"
"Wade, Tyler",642180,"Padres",2025,"3B","45","126","-30"
"Wade, Tyler",642180,"Padres",2025,"LF","350","302","-27"
"Wade, Tyler",642180,"Padres",2025,"2B","167","149","13"
"Wade, Tyler",642180,"Padres",2025,"SS","19","145","-12"
"Arraez, Luis",650333,"Padres",2025,"1B","2973","119","34"
"Joe, Connor",656582,"Padres",2025,"1B","21","116","34"
"Joe, Connor",656582,"Padres",2025,"LF","14","300","-27"
"Joe, Connor",656582,"Padres",2025,"CF","24","323","-2"
"Sheets, Gavin",657757,"Padres",2025,"1B","412","110","33"
"Sheets, Gavin",657757,"Padres",2025,"LF","1338","303","-27"
"Gonzalez, Oscar",660757,"Padres",2025,"RF","101","295","27"
"Gonzalez, Oscar",660757,"Padres",2025,"LF","390","298","-28"
"Lockridge, Brandon",663604,"Padres",2025,"CF","388","324","0"
"Lockridge, Brandon",663604,"Padres",2025,"LF","565","298","-27"
"Lockridge, Brandon",663604,"Padres",2025,"RF","56","296","27"
"Tatis Jr., Fernando",665487,"Padres",2025,"RF","3545","297","27"
"McCoy, Mason",669200,"Padres",2025,"2B","32","149","11"
"Johnson, Bryce",669369,"Padres",2025,"RF","20","295","27"
"Johnson, Bryce",669369,"Padres",2025,"LF","240","302","-28"
"Johnson, Bryce",669369,"Padres",2025,"CF","122","325","0"
"Brooks, Trenton",670092,"Padres",2025,"LF","27","303","-27"
"Ornelas, Tirso",672359,"Padres",2025,"LF","143","302","-28"
"Ornelas, Tirso",672359,"Padres",2025,"CF","10","329","1"
"Merrill, Jackson",701538,"Padres",2025,"CF","2627","323","0"
"Solano, Donovan",456781,"Mariners",2025,"3B","10","124","-32"
"Solano, Donovan",456781,"Mariners",2025,"1B","1458","113","34"
"Polanco, Jorge",593871,"Mariners",2025,"3B","195","117","-32"
"Polanco, Jorge",593871,"Mariners",2025,"2B","328","148","13"
"Crawford, J.P.",641487,"Mariners",2025,"SS","3787","145","-12"
"Tellez, Rowdy",642133,"Mariners",2025,"1B","1654","113","34"
"Robles, Victor",645302,"Mariners",2025,"RF","389","288","26"
"Naylor, Josh",647304,"Mariners",2025,"1B","37","112","33"
"Rivas, Leo",660844,"Mariners",2025,"2B","652","146","13"
"Rivas, Leo",660844,"Mariners",2025,"SS","53","146","-9"
"Moore, Dylan",664238,"Mariners",2025,"RF","501","293","26"
"Moore, Dylan",664238,"Mariners",2025,"1B","114","112","35"
"Moore, Dylan",664238,"Mariners",2025,"3B","313","120","-32"
"Moore, Dylan",664238,"Mariners",2025,"2B","743","148","12"
"Moore, Dylan",664238,"Mariners",2025,"SS","119","149","-10"
"Taveras, Leody",665750,"Mariners",2025,"CF","74","320","0"
"Taveras, Leody",665750,"Mariners",2025,"RF","901","300","26"
"Arozarena, Randy",668227,"Mariners",2025,"LF","3735","290","-27"
"Bliss, Ryan",669208,"Mariners",2025,"2B","410","146","11"
"Taylor, Samad",669392,"Mariners",2025,"CF","11","323","0"
"Taylor, Samad",669392,"Mariners",2025,"RF","69","300","26"
"Raley, Luke",670042,"Mariners",2025,"1B","695","110","35"
"Raley, Luke",670042,"Mariners",2025,"CF","68","315","0"
"Raley, Luke",670042,"Mariners",2025,"LF","36","295","-26"
"Raley, Luke",670042,"Mariners",2025,"RF","635","296","27"
"Mastrobuoni, Miles",670156,"Mariners",2025,"3B","642","117","-30"
"Mastrobuoni, Miles",670156,"Mariners",2025,"RF","314","296","26"
"Mastrobuoni, Miles",670156,"Mariners",2025,"LF","173","297","-26"
"Mastrobuoni, Miles",670156,"Mariners",2025,"2B","346","147","12"
"Rodríguez, Julio",677594,"Mariners",2025,"CF","3799","320","0"
"Canzone, Dominic",686527,"Mariners",2025,"RF","1072","296","27"
"Thomas, Rhylan",689041,"Mariners",2025,"RF","78","299","26"
"Thomas, Rhylan",689041,"Mariners",2025,"LF","13","298","-26"
"Young, Cole",702284,"Mariners",2025,"2B","1480","145","13"
"Williamson, Ben",810938,"Mariners",2025,"3B","2799","120","-30"
"Flores, Wilmer",527038,"Giants",2025,"3B","40","112","-34"
"Flores, Wilmer",527038,"Giants",2025,"1B","717","108","35"
"Yastrzemski, Mike",573262,"Giants",2025,"RF","3057","294","28"
"Smith, Dominic",642086,"Giants",2025,"1B","920","114","36"
"Adames, Willy",642715,"Giants",2025,"SS","3767","147","-11"
"Alcántara, Sergio",642727,"Giants",2025,"3B","32","115","-33"
"Devers, Rafael",646240,"Giants",2025,"1B","79","117","37"
"Chapman, Matt",656305,"Giants",2025,"3B","2934","122","-33"
"Wade Jr., LaMonte",664774,"Giants",2025,"1B","1431","110","34"
"Fitzgerald, Tyler",666149,"Giants",2025,"2B","2219","148","12"
"Encarnacion, Jerar",666464,"Giants",2025,"LF","29","276","-26"
"Encarnacion, Jerar",666464,"Giants",2025,"RF","111","292","28"
"Encarnacion, Jerar",666464,"Giants",2025,"1B","32","107","32"
"Johnson, Daniel",669288,"Giants",2025,"CF","143","323","0"
"Johnson, Daniel",669288,"Giants",2025,"RF","111","296","26"
"Johnson, Daniel",669288,"Giants",2025,"LF","15","295","-27"
"Schmitt, Casey",669477,"Giants",2025,"2B","475","146","15"
"Schmitt, Casey",669477,"Giants",2025,"1B","450","111","37"
"Schmitt, Casey",669477,"Giants",2025,"SS","36","149","-9"
"Schmitt, Casey",669477,"Giants",2025,"3B","556","121","-32"
"Ramos, Heliot",671218,"Giants",2025,"LF","3623","293","-27"
"Villar, David",681584,"Giants",2025,"1B","236","112","35"
"Matos, Luis",682641,"Giants",2025,"LF","198","298","-27"
"Matos, Luis",682641,"Giants",2025,"CF","244","323","1"
"Matos, Luis",682641,"Giants",2025,"RF","582","296","28"
"Koss, Christian",683766,"Giants",2025,"3B","215","119","-32"
"Koss, Christian",683766,"Giants",2025,"2B","815","148","13"
"Koss, Christian",683766,"Giants",2025,"SS","47","148","-11"
"Wisely, Brett",689172,"Giants",2025,"3B","84","115","-35"
"Wisely, Brett",689172,"Giants",2025,"2B","356","147","13"
"Lee, Jung Hoo",808982,"Giants",2025,"CF","3478","322","0"
"Arenado, Nolan",571448,"Cardinals",2025,"3B","3183","118","-31"
"Contreras, Willson",575929,"Cardinals",2025,"1B","3098","111","36"
"Hampson, Garrett",641658,"Cardinals",2025,"SS","11","150","-14"
"Hampson, Garrett",641658,"Cardinals",2025,"RF","87","296","27"
"Hampson, Garrett",641658,"Cardinals",2025,"CF","106","324","1"
"Hampson, Garrett",641658,"Cardinals",2025,"LF","34","299","-27"
"Pozo, Yohel",650968,"Cardinals",2025,"1B","18","117","34"
"Nootbaar, Lars",663457,"Cardinals",2025,"CF","100","314","1"
"Nootbaar, Lars",663457,"Cardinals",2025,"RF","434","294","27"
"Nootbaar, Lars",663457,"Cardinals",2025,"LF","2566","295","-26"
"Baker, Luken",663609,"Cardinals",2025,"1B","23","109","33"
"Fermín, José",665877,"Cardinals",2025,"LF","69","302","-27"
"Fermín, José",665877,"Cardinals",2025,"2B","23","151","13"
"Fermín, José",665877,"Cardinals",2025,"3B","10","132","-27"
"Fermín, José",665877,"Cardinals",2025,"RF","34","295","27"
"Vilade, Ryan",668723,"Cardinals",2025,"RF","129","294","28"
"Vilade, Ryan",668723,"Cardinals",2025,"LF","18","295","-26"
"Gorman, Nolan",669357,"Cardinals",2025,"3B","434","120","-32"
"Gorman, Nolan",669357,"Cardinals",2025,"2B","811","146","12"
"Siani, Michael",672279,"Cardinals",2025,"CF","261","317","1"
"Burleson, Alec",676475,"Cardinals",2025,"LF","491","298","-27"
"Burleson, Alec",676475,"Cardinals",2025,"RF","1121","297","28"
"Burleson, Alec",676475,"Cardinals",2025,"1B","760","110","35"
"Barrero, José",676480,"Cardinals",2025,"2B","30","149","13"
"Barrero, José",676480,"Cardinals",2025,"CF","143","325","1"
"Barrero, José",676480,"Cardinals",2025,"3B","12","126","-31"
"Barrero, José",676480,"Cardinals",2025,"RF","13","295","28"
"Barrero, José",676480,"Cardinals",2025,"SS","167","147","-11"
"Donovan, Brendan",680977,"Cardinals",2025,"LF","652","299","-27"
"Donovan, Brendan",680977,"Cardinals",2025,"SS","157","147","-13"
"Donovan, Brendan",680977,"Cardinals",2025,"2B","2677","146","13"
"Pagés, Pedro",686780,"Cardinals",2025,"1B","12","120","36"
"Pagés, Pedro",686780,"Cardinals",2025,"2B","14","146","17"
"Scott II, Victor",687363,"Cardinals",2025,"LF","87","301","-26"
"Scott II, Victor",687363,"Cardinals",2025,"RF","42","303","28"
"Scott II, Victor",687363,"Cardinals",2025,"CF","3307","325","1"
"Walker, Jordan",691023,"Cardinals",2025,"RF","2057","292","27"
"Winn, Masyn",691026,"Cardinals",2025,"SS","3359","147","-12"
"Saggese, Thomas",695336,"Cardinals",2025,"3B","278","120","-32"
"Saggese, Thomas",695336,"Cardinals",2025,"2B","362","147","12"
"Saggese, Thomas",695336,"Cardinals",2025,"SS","223","147","-14"
"Jankowski, Travis",608671,"Rays",2025,"LF","145","303","-26"
"Jankowski, Travis",608671,"Rays",2025,"RF","189","300","28"
"Díaz, Yandy",650490,"Rays",2025,"1B","404","105","35"
"Montes, Coco",663796,"Rays",2025,"2B","61","148","12"
"Montes, Coco",663796,"Rays",2025,"3B","33","117","-37"
"Montes, Coco",663796,"Rays",2025,"LF","12","303","-27"
"Mangum, Jake",663968,"Rays",2025,"LF","1237","299","-27"
"Mangum, Jake",663968,"Rays",2025,"RF","522","302","28"
"Mangum, Jake",663968,"Rays",2025,"CF","503","325","0"
"Lowe, Brandon",664040,"Rays",2025,"2B","2754","148","12"
"Aranda, Jonathan",666018,"Rays",2025,"1B","2950","109","35"
"Lowe, Josh",666139,"Rays",2025,"RF","1939","301","28"
"Morel, Christopher",666624,"Rays",2025,"RF","40","288","27"
"Morel, Christopher",666624,"Rays",2025,"LF","1626","302","-26"
"Misner, Kameron",670224,"Rays",2025,"LF","119","309","-26"
"Misner, Kameron",670224,"Rays",2025,"RF","445","301","28"
"Misner, Kameron",670224,"Rays",2025,"CF","1508","327","1"
"Walls, Taylor",670764,"Rays",2025,"2B","125","148","13"
"Walls, Taylor",670764,"Rays",2025,"SS","2566","147","-14"
"Kim, Ha-Seong",673490,"Rays",2025,"SS","242","147","-13"
"Kim, Ha-Seong",673490,"Rays",2025,"2B","67","148","14"
"DeLuca, Jonny",676356,"Rays",2025,"CF","252","327","1"
"Caballero, José",676609,"Rays",2025,"SS","997","146","-13"
"Caballero, José",676609,"Rays",2025,"LF","98","304","-26"
"Caballero, José",676609,"Rays",2025,"CF","64","332","0"
"Caballero, José",676609,"Rays",2025,"3B","307","119","-31"
"Caballero, José",676609,"Rays",2025,"RF","650","300","28"
"Caballero, José",676609,"Rays",2025,"2B","376","147","12"
"Mead, Curtis",678554,"Rays",2025,"2B","422","149","11"
"Mead, Curtis",678554,"Rays",2025,"3B","222","120","-34"
"Mead, Curtis",678554,"Rays",2025,"1B","441","110","35"
"Palacios, Richie",680700,"Rays",2025,"LF","30","305","-26"
"Palacios, Richie",680700,"Rays",2025,"RF","10","304","28"
"Caminero, Junior",691406,"Rays",2025,"3B","3238","121","-33"
"Caminero, Junior",691406,"Rays",2025,"1B","10","100","33"
"Simpson, Chandler",802415,"Rays",2025,"CF","1478","324","1"
"Simpson, Chandler",802415,"Rays",2025,"RF","10","301","28"
"Simpson, Chandler",802415,"Rays",2025,"LF","538","302","-26"
"Semien, Marcus",543760,"Rangers",2025,"2B","3687","149","11"
"Pederson, Joc",592626,"Rangers",2025,"1B","76","106","34"
"Ahmed, Nick",605113,"Rangers",2025,"SS","120","151","-11"
"Pillar, Kevin",607680,"Rangers",2025,"CF","230","322","0"
"Pillar, Kevin",607680,"Rangers",2025,"RF","53","291","27"
"Pillar, Kevin",607680,"Rangers",2025,"LF","75","298","-27"
"Seager, Corey",608369,"Rangers",2025,"SS","2330","150","-10"
"McKinney, Billy",641856,"Rangers",2025,"LF","33","300","-27"
"Tellez, Rowdy",642133,"Rangers",2025,"1B","107","116","36"
"Haggerty, Sam",664059,"Rangers",2025,"CF","376","320","0"
"Haggerty, Sam",664059,"Rangers",2025,"RF","147","290","27"
"Haggerty, Sam",664059,"Rangers",2025,"2B","24","148","14"
"Haggerty, Sam",664059,"Rangers",2025,"LF","349","288","-27"
"Taveras, Leody",665750,"Rangers",2025,"CF","883","324","0"
"García, Adolis",666969,"Rangers",2025,"RF","3459","293","27"
"Burger, Jake",669394,"Rangers",2025,"1B","2369","114","34"
"Smith, Josh",669701,"Rangers",2025,"LF","66","294","-26"
"Smith, Josh",669701,"Rangers",2025,"2B","36","146","11"
"Smith, Josh",669701,"Rangers",2025,"3B","730","115","-30"
"Smith, Josh",669701,"Rangers",2025,"SS","979","147","-12"
"Smith, Josh",669701,"Rangers",2025,"RF","32","293","26"
"Smith, Josh",669701,"Rangers",2025,"1B","749","107","36"
"Smith, Josh",669701,"Rangers",2025,"CF","52","318","0"
"Jung, Josh",673962,"Rangers",2025,"3B","2746","116","-31"
"Duran, Ezequiel",677649,"Rangers",2025,"SS","283","149","-12"
"Duran, Ezequiel",677649,"Rangers",2025,"1B","258","109","34"
"Duran, Ezequiel",677649,"Rangers",2025,"3B","265","121","-29"
"Duran, Ezequiel",677649,"Rangers",2025,"LF","79","293","-27"
"Foscue, Justin",679822,"Rangers",2025,"1B","102","111","34"
"Ornelas, Jonathan",680716,"Rangers",2025,"SS","53","152","-10"
"Ornelas, Jonathan",680716,"Rangers",2025,"2B","15","150","16"
"Helman, Michael",680737,"Rangers",2025,"CF","145","318","0"
"Freeman, Cody",683227,"Rangers",2025,"3B","28","111","-35"
"Harris, Dustin",687957,"Rangers",2025,"RF","15","287","28"
"Harris, Dustin",687957,"Rangers",2025,"CF","91","315","0"
"Harris, Dustin",687957,"Rangers",2025,"LF","208","296","-28"
"Crim, Blaine",688760,"Rangers",2025,"1B","108","115","37"
"Carter, Evan",694497,"Rangers",2025,"CF","1397","321","0"
"Langford, Wyatt",694671,"Rangers",2025,"CF","562","311","0"
"Langford, Wyatt",694671,"Rangers",2025,"LF","2425","290","-27"
"Osuna, Alejandro",696030,"Rangers",2025,"RF","63","292","27"
"Osuna, Alejandro",696030,"Rangers",2025,"LF","534","298","-26"
"Osuna, Alejandro",696030,"Rangers",2025,"CF","33","331","-1"
"Springer, George",543807,"Blue Jays",2025,"RF","1061","301","26"
"Springer, George",543807,"Blue Jays",2025,"LF","159","302","-28"
"Springer, George",543807,"Blue Jays",2025,"CF","296","328","-2"
"Santander, Anthony",623993,"Blue Jays",2025,"RF","495","300","26"
"Santander, Anthony",623993,"Blue Jays",2025,"LF","183","294","-28"
"Varsho, Daulton",662139,"Blue Jays",2025,"CF","762","325","-2"
"Straw, Myles",664702,"Blue Jays",2025,"CF","1758","321","-1"
"Straw, Myles",664702,"Blue Jays",2025,"2B","11","149","15"
"Straw, Myles",664702,"Blue Jays",2025,"RF","12","300","25"
"Straw, Myles",664702,"Blue Jays",2025,"LF","213","291","-29"
"Lukes, Nathan",664770,"Blue Jays",2025,"RF","807","298","28"
"Lukes, Nathan",664770,"Blue Jays",2025,"LF","631","297","-29"
"Lukes, Nathan",664770,"Blue Jays",2025,"CF","729","323","-1"
"Guerrero Jr., Vladimir",665489,"Blue Jays",2025,"1B","3306","110","35"
"Giménez, Andrés",665926,"Blue Jays",2025,"SS","21","150","-12"
"Giménez, Andrés",665926,"Blue Jays",2025,"2B","2151","148","15"
"Bichette, Bo",666182,"Blue Jays",2025,"SS","3463","147","-14"
"Clement, Ernie",676391,"Blue Jays",2025,"3B","1778","118","-32"
"Clement, Ernie",676391,"Blue Jays",2025,"2B","976","147","13"
"Clement, Ernie",676391,"Blue Jays",2025,"SS","337","147","-13"
"Clement, Ernie",676391,"Blue Jays",2025,"1B","267","107","35"
"Schneider, Davis",676914,"Blue Jays",2025,"2B","236","147","13"
"Schneider, Davis",676914,"Blue Jays",2025,"LF","722","295","-29"
"Jiménez, Leo",677870,"Blue Jays",2025,"2B","282","146","13"
"Jiménez, Leo",677870,"Blue Jays",2025,"SS","34","145","-13"
"Barger, Addison",680718,"Blue Jays",2025,"3B","1470","118","-31"
"Barger, Addison",680718,"Blue Jays",2025,"RF","1107","298","27"
"Clase, Jonatan",682729,"Blue Jays",2025,"LF","775","294","-29"
"Clase, Jonatan",682729,"Blue Jays",2025,"RF","25","281","28"
"Clase, Jonatan",682729,"Blue Jays",2025,"CF","288","327","0"
"Stefanic, Michael",683021,"Blue Jays",2025,"2B","207","150","11"
"Robertson, Will",683770,"Blue Jays",2025,"RF","43","291","28"
"Robertson, Will",683770,"Blue Jays",2025,"LF","74","288","-30"
"Loperfido, Joey",694388,"Blue Jays",2025,"RF","100","294","27"
"Loperfido, Joey",694388,"Blue Jays",2025,"LF","241","298","-29"
"Wagner, Will",695238,"Blue Jays",2025,"1B","280","111","34"
"Wagner, Will",695238,"Blue Jays",2025,"3B","615","119","-30"
"Roden, Alan",702176,"Blue Jays",2025,"RF","213","299","26"
"Roden, Alan",702176,"Blue Jays",2025,"CF","22","324","-2"
"Roden, Alan",702176,"Blue Jays",2025,"LF","865","294","-28"
"Bell, Josh",605137,"Nationals",2025,"1B","164","109","34"
"Rosario, Amed",642708,"Nationals",2025,"3B","806","121","-34"
"Rosario, Amed",642708,"Nationals",2025,"2B","523","149","9"
"DeJong, Paul",657557,"Nationals",2025,"SS","269","147","-13"
"DeJong, Paul",657557,"Nationals",2025,"3B","533","120","-34"
"Lowe, Nathaniel",663993,"Nationals",2025,"1B","3769","109","36"
"Chaparro, Andrés",665953,"Nationals",2025,"1B","29","114","32"
"Call, Alex",669743,"Nationals",2025,"RF","1325","297","27"
"Call, Alex",669743,"Nationals",2025,"LF","677","298","-27"
"Call, Alex",669743,"Nationals",2025,"CF","46","321","1"
"García Jr., Luis",671277,"Nationals",2025,"2B","3223","148","10"
"Tena, José",677588,"Nationals",2025,"2B","67","149","13"
"Tena, José",677588,"Nationals",2025,"3B","1481","125","-34"
"Abrams, CJ",682928,"Nationals",2025,"SS","3302","148","-14"
"Nuñez, Nasim",683083,"Nationals",2025,"CF","23","329","0"
"Nuñez, Nasim",683083,"Nationals",2025,"SS","382","146","-12"
"Nuñez, Nasim",683083,"Nationals",2025,"2B","154","147","10"
"Crews, Dylan",686611,"Nationals",2025,"CF","486","324","-1"
"Crews, Dylan",686611,"Nationals",2025,"RF","1243","300","27"
"Hassell III, Robert",690987,"Nationals",2025,"CF","723","325","1"
"Hassell III, Robert",690987,"Nationals",2025,"RF","41","298","28"
"House, Brady",691781,"Nationals",2025,"3B","1115","120","-34"
"Wood, James",695578,"Nationals",2025,"LF","3245","303","-27"
"Lile, Daylen",695734,"Nationals",2025,"LF","45","290","-26"
"Lile, Daylen",695734,"Nationals",2025,"RF","1354","299","27"
"Young, Jacob",696285,"Nationals",2025,"CF","2689","323","0"
"Lipscomb, Trey",702358,"Nationals",2025,"3B","32","122","-27"